pdb_path,filename,label,N,bond_mse,clash_count,clash_per_res,rg,ph_rms,ph_max,auric_type_entropy_rhoA,auric_smb_rate_hat_rhoA
docs/runs/toy_decoy_auric_smoke/pdbs/decoy_TOY1_blockshuffle4_02.pdb,decoy_TOY1_blockshuffle4_02.pdb,decoy,72.0,1.8756387660646347e-07,0.0,0.0,45.90812765001419,26.56916248593962,56.996384233511264,1.5751348692303058,0.1271813224298982
docs/runs/toy_decoy_auric_smoke/pdbs/decoy_TOY1_blockshuffle4_05.pdb,decoy_TOY1_blockshuffle4_05.pdb,decoy,72.0,1.6975543149157473e-07,0.0,0.0,46.8374662186856,41.90248053198149,73.86543904100613,1.093039283001171,0.10102083609208315
docs/runs/toy_decoy_auric_smoke/pdbs/decoy_TOY1_blockshuffle4_08.pdb,decoy_TOY1_blockshuffle4_08.pdb,decoy,72.0,1.4198119302579577e-07,0.0,0.0,46.77956400534273,29.49712359994877,55.78304268374084,1.3553570567065285,0.10959954457706006
docs/runs/toy_decoy_auric_smoke/pdbs/decoy_TOY1_noisy_01.pdb,decoy_TOY1_noisy_01.pdb,decoy,72.0,1.0646127161823574e-07,0.0,0.0,42.03752034399523,18.81641364250976,31.34911085455127,1.7605884039234878,0.18394323814637428
docs/runs/toy_decoy_auric_smoke/pdbs/decoy_TOY1_noisy_04.pdb,decoy_TOY1_noisy_04.pdb,decoy,72.0,1.7471492643985572e-07,0.0,0.0,40.343880866969144,35.42845045495484,59.41958933343155,1.093039283001171,0.10102083609208315
docs/runs/toy_decoy_auric_smoke/pdbs/decoy_TOY1_noisy_07.pdb,decoy_TOY1_noisy_07.pdb,decoy,72.0,1.8258864356573444e-07,1.0,0.013888888888888888,39.90967211170707,22.98227415864867,42.75103332122391,1.6683241727235423,0.1498918751211821
docs/runs/toy_decoy_auric_smoke/pdbs/decoy_TOY1_shuffle_00.pdb,decoy_TOY1_shuffle_00.pdb,decoy,72.0,1.2832381059738937e-07,0.0,0.0,45.99213412783745,45.61313959170876,76.74656833262036,1.093039283001171,0.10102083609208315
docs/runs/toy_decoy_auric_smoke/pdbs/decoy_TOY1_shuffle_03.pdb,decoy_TOY1_shuffle_03.pdb,decoy,72.0,1.472217042429213e-07,0.0,0.0,45.13608086646171,12.89472048142452,20.57917664729705,2.3300601207207623,0.2741231949092253
docs/runs/toy_decoy_auric_smoke/pdbs/decoy_TOY1_shuffle_06.pdb,decoy_TOY1_shuffle_06.pdb,decoy,72.0,1.575956170422425e-07,0.0,0.0,46.02524536721794,29.366015629725513,57.06317762830447,1.1895856067101969,0.10956266395802144
docs/runs/toy_decoy_auric_smoke/pdbs/native_TOY1.pdb,native_TOY1.pdb,native,72.0,1.2110748117527163e-07,0.0,0.0,45.24002826387325,32.434411440486016,59.236615529327395,1.3861262874757592,0.10312444707063666
