pdb_id,status,path,url,chain,N,selected
1YO1,cached_selected,data/raw/pdb_cache/1YO1.cif,https://files.rcsb.org/download/1YO1.cif,A,258,1
1WY0,cached_selected,data/raw/pdb_cache/1WY0.cif,https://files.rcsb.org/download/1WY0.cif,A,327,1
1I9A,cached_selected,data/raw/pdb_cache/1I9A.cif,https://files.rcsb.org/download/1I9A.cif,A,178,1
1KJN,cached_selected,data/raw/pdb_cache/1KJN.cif,https://files.rcsb.org/download/1KJN.cif,A,152,1
1R2T,cached_selected,data/raw/pdb_cache/1R2T.cif,https://files.rcsb.org/download/1R2T.cif,B,247,1
1VQU,cached_selected,data/raw/pdb_cache/1VQU.cif,https://files.rcsb.org/download/1VQU.cif,A,334,1
1MR3,cached_selected,data/raw/pdb_cache/1MR3.cif,https://files.rcsb.org/download/1MR3.cif,F,177,1
1Y44,cached_selected,data/raw/pdb_cache/1Y44.cif,https://files.rcsb.org/download/1Y44.cif,B,297,1
1YNA,cached_selected,data/raw/pdb_cache/1YNA.cif,https://files.rcsb.org/download/1YNA.cif,A,194,1
1H5Y,cached_selected,data/raw/pdb_cache/1H5Y.cif,https://files.rcsb.org/download/1H5Y.cif,B,253,1
1FKM,cached_selected,data/raw/pdb_cache/1FKM.cif,https://files.rcsb.org/download/1FKM.cif,A,322,1
1UFP,cached_selected,data/raw/pdb_cache/1UFP.cif,https://files.rcsb.org/download/1UFP.cif,A,154,1
1M2K,cached_selected,data/raw/pdb_cache/1M2K.cif,https://files.rcsb.org/download/1M2K.cif,A,249,1
1VYZ,cached_selected,data/raw/pdb_cache/1VYZ.cif,https://files.rcsb.org/download/1VYZ.cif,A,279,1
1QPJ,cached_selected,data/raw/pdb_cache/1QPJ.cif,https://files.rcsb.org/download/1QPJ.cif,A,266,1
1WU9,cached_selected,data/raw/pdb_cache/1WU9.cif,https://files.rcsb.org/download/1WU9.cif,B,67,1
2A14,cached_selected,data/raw/pdb_cache/2A14.cif,https://files.rcsb.org/download/2A14.cif,A,258,1
1SPJ,cached_selected,data/raw/pdb_cache/1SPJ.cif,https://files.rcsb.org/download/1SPJ.cif,A,238,1
1I6L,cached_selected,data/raw/pdb_cache/1I6L.cif,https://files.rcsb.org/download/1I6L.cif,A,327,1
1H4W,cached_selected,data/raw/pdb_cache/1H4W.cif,https://files.rcsb.org/download/1H4W.cif,A,225,1
1MU4,cached_selected,data/raw/pdb_cache/1MU4.cif,https://files.rcsb.org/download/1MU4.cif,B,87,1
1RHH,cached_selected,data/raw/pdb_cache/1RHH.cif,https://files.rcsb.org/download/1RHH.cif,B,233,1
1DJ8,cached_selected,data/raw/pdb_cache/1DJ8.cif,https://files.rcsb.org/download/1DJ8.cif,A,79,1
1SWD,cached_selected,data/raw/pdb_cache/1SWD.cif,https://files.rcsb.org/download/1SWD.cif,D,118,1
1XUR,cached_selected,data/raw/pdb_cache/1XUR.cif,https://files.rcsb.org/download/1XUR.cif,A,171,1
1Y33,cached_selected,data/raw/pdb_cache/1Y33.cif,https://files.rcsb.org/download/1Y33.cif,E,282,1
1H5E,cached_selected,data/raw/pdb_cache/1H5E.cif,https://files.rcsb.org/download/1H5E.cif,A,308,1
1QHC,cached_selected,data/raw/pdb_cache/1QHC.cif,https://files.rcsb.org/download/1QHC.cif,A,124,1
1X6R,cached_selected,data/raw/pdb_cache/1X6R.cif,https://files.rcsb.org/download/1X6R.cif,A,120,1
1HYB,cached_selected,data/raw/pdb_cache/1HYB.cif,https://files.rcsb.org/download/1HYB.cif,A,161,1
1FK3,cached_selected,data/raw/pdb_cache/1FK3.cif,https://files.rcsb.org/download/1FK3.cif,A,93,1
1AII,cached_selected,data/raw/pdb_cache/1AII.cif,https://files.rcsb.org/download/1AII.cif,A,328,1
1EIX,cached_selected,data/raw/pdb_cache/1EIX.cif,https://files.rcsb.org/download/1EIX.cif,C,232,1
1GF3,cached_selected,data/raw/pdb_cache/1GF3.cif,https://files.rcsb.org/download/1GF3.cif,A,130,1
1NLI,cached_selected,data/raw/pdb_cache/1NLI.cif,https://files.rcsb.org/download/1NLI.cif,A,248,1
1SI9,cached_selected,data/raw/pdb_cache/1SI9.cif,https://files.rcsb.org/download/1SI9.cif,A,106,1
1UGG,cached_selected,data/raw/pdb_cache/1UGG.cif,https://files.rcsb.org/download/1UGG.cif,A,258,1
1GQ4,cached_selected,data/raw/pdb_cache/1GQ4.cif,https://files.rcsb.org/download/1GQ4.cif,A,90,1
1VZE,cached_selected,data/raw/pdb_cache/1VZE.cif,https://files.rcsb.org/download/1VZE.cif,A,317,1
1JGE,cached_selected,data/raw/pdb_cache/1JGE.cif,https://files.rcsb.org/download/1JGE.cif,A,276,1
1WS8,cached_selected,data/raw/pdb_cache/1WS8.cif,https://files.rcsb.org/download/1WS8.cif,A,104,1
1VI3,cached_selected,data/raw/pdb_cache/1VI3.cif,https://files.rcsb.org/download/1VI3.cif,A,160,1
1JOS,cached_selected,data/raw/pdb_cache/1JOS.cif,https://files.rcsb.org/download/1JOS.cif,A,100,1
1B93,cached_selected,data/raw/pdb_cache/1B93.cif,https://files.rcsb.org/download/1B93.cif,B,151,1
2A2O,cached_selected,data/raw/pdb_cache/2A2O.cif,https://files.rcsb.org/download/2A2O.cif,A,230,1
1FWM,cached_selected,data/raw/pdb_cache/1FWM.cif,https://files.rcsb.org/download/1FWM.cif,A,265,1
1ENX,cached_selected,data/raw/pdb_cache/1ENX.cif,https://files.rcsb.org/download/1ENX.cif,A,190,1
1QIU,cached_selected,data/raw/pdb_cache/1QIU.cif,https://files.rcsb.org/download/1QIU.cif,A,264,1
1BGC,cached_selected,data/raw/pdb_cache/1BGC.cif,https://files.rcsb.org/download/1BGC.cif,A,158,1
1T9F,cached_selected,data/raw/pdb_cache/1T9F.cif,https://files.rcsb.org/download/1T9F.cif,A,178,1
1URR,cached_selected,data/raw/pdb_cache/1URR.cif,https://files.rcsb.org/download/1URR.cif,A,97,1
1AFS,cached_selected,data/raw/pdb_cache/1AFS.cif,https://files.rcsb.org/download/1AFS.cif,A,319,1
1O97,cached_selected,data/raw/pdb_cache/1O97.cif,https://files.rcsb.org/download/1O97.cif,D,315,1
1J3M,cached_selected,data/raw/pdb_cache/1J3M.cif,https://files.rcsb.org/download/1J3M.cif,A,127,1
1KZE,cached_selected,data/raw/pdb_cache/1KZE.cif,https://files.rcsb.org/download/1KZE.cif,2,114,1
2B8W,cached_selected,data/raw/pdb_cache/2B8W.cif,https://files.rcsb.org/download/2B8W.cif,B,290,1
1JL6,cached_selected,data/raw/pdb_cache/1JL6.cif,https://files.rcsb.org/download/1JL6.cif,A,147,1
1SBZ,cached_selected,data/raw/pdb_cache/1SBZ.cif,https://files.rcsb.org/download/1SBZ.cif,D,185,1
1TDH,cached_selected,data/raw/pdb_cache/1TDH.cif,https://files.rcsb.org/download/1TDH.cif,A,284,1
1MZL,cached_selected,data/raw/pdb_cache/1MZL.cif,https://files.rcsb.org/download/1MZL.cif,A,93,1
1U6H,cached_selected,data/raw/pdb_cache/1U6H.cif,https://files.rcsb.org/download/1U6H.cif,A,252,1
1XYO,cached_selected,data/raw/pdb_cache/1XYO.cif,https://files.rcsb.org/download/1XYO.cif,A,190,1
1S2W,cached_selected,data/raw/pdb_cache/1S2W.cif,https://files.rcsb.org/download/1S2W.cif,A,258,1
1GSI,cached_selected,data/raw/pdb_cache/1GSI.cif,https://files.rcsb.org/download/1GSI.cif,A,208,1
1I76,cached_selected,data/raw/pdb_cache/1I76.cif,https://files.rcsb.org/download/1I76.cif,A,165,1
1KTS,cached_selected,data/raw/pdb_cache/1KTS.cif,https://files.rcsb.org/download/1KTS.cif,B,252,1
1CAL,cached_selected,data/raw/pdb_cache/1CAL.cif,https://files.rcsb.org/download/1CAL.cif,A,258,1
1VB0,cached_selected,data/raw/pdb_cache/1VB0.cif,https://files.rcsb.org/download/1VB0.cif,A,61,1
1JPG,cached_selected,data/raw/pdb_cache/1JPG.cif,https://files.rcsb.org/download/1JPG.cif,A,275,1
1ZIA,cached_selected,data/raw/pdb_cache/1ZIA.cif,https://files.rcsb.org/download/1ZIA.cif,A,124,1
1P2Q,cached_selected,data/raw/pdb_cache/1P2Q.cif,https://files.rcsb.org/download/1P2Q.cif,A,239,1
1BCO,cached_selected,data/raw/pdb_cache/1BCO.cif,https://files.rcsb.org/download/1BCO.cif,A,295,1
1RCM,cached_selected,data/raw/pdb_cache/1RCM.cif,https://files.rcsb.org/download/1RCM.cif,A,129,1
1H6G,cached_selected,data/raw/pdb_cache/1H6G.cif,https://files.rcsb.org/download/1H6G.cif,A,256,1
1V8K,cached_selected,data/raw/pdb_cache/1V8K.cif,https://files.rcsb.org/download/1V8K.cif,A,332,1
1Y63,cached_selected,data/raw/pdb_cache/1Y63.cif,https://files.rcsb.org/download/1Y63.cif,A,168,1
1N8O,cached_selected,data/raw/pdb_cache/1N8O.cif,https://files.rcsb.org/download/1N8O.cif,E,136,1
1BH2,cached_selected,data/raw/pdb_cache/1BH2.cif,https://files.rcsb.org/download/1BH2.cif,A,315,1
1GHY,cached_selected,data/raw/pdb_cache/1GHY.cif,https://files.rcsb.org/download/1GHY.cif,H,251,1
1FIM,cached_selected,data/raw/pdb_cache/1FIM.cif,https://files.rcsb.org/download/1FIM.cif,A,103,1
1C7B,cached_selected,data/raw/pdb_cache/1C7B.cif,https://files.rcsb.org/download/1C7B.cif,B,146,1
1L95,cached_selected,data/raw/pdb_cache/1L95.cif,https://files.rcsb.org/download/1L95.cif,A,162,1
200L,cached_selected,data/raw/pdb_cache/200L.cif,https://files.rcsb.org/download/200L.cif,A,162,1
1EQ2,cached_selected,data/raw/pdb_cache/1EQ2.cif,https://files.rcsb.org/download/1EQ2.cif,D,307,1
1JF0,cached_selected,data/raw/pdb_cache/1JF0.cif,https://files.rcsb.org/download/1JF0.cif,A,192,1
1M4V,cached_selected,data/raw/pdb_cache/1M4V.cif,https://files.rcsb.org/download/1M4V.cif,B,197,1
1UJK,cached_selected,data/raw/pdb_cache/1UJK.cif,https://files.rcsb.org/download/1UJK.cif,A,145,1
1Q3K,cached_selected,data/raw/pdb_cache/1Q3K.cif,https://files.rcsb.org/download/1Q3K.cif,A,259,1
1KJT,cached_selected,data/raw/pdb_cache/1KJT.cif,https://files.rcsb.org/download/1KJT.cif,A,114,1
1I0R,cached_selected,data/raw/pdb_cache/1I0R.cif,https://files.rcsb.org/download/1I0R.cif,B,168,1
1DPF,cached_selected,data/raw/pdb_cache/1DPF.cif,https://files.rcsb.org/download/1DPF.cif,A,178,1
1AGB,cached_selected,data/raw/pdb_cache/1AGB.cif,https://files.rcsb.org/download/1AGB.cif,A,276,1
2AQT,cached_selected,data/raw/pdb_cache/2AQT.cif,https://files.rcsb.org/download/2AQT.cif,C,155,1
1WVT,cached_selected,data/raw/pdb_cache/1WVT.cif,https://files.rcsb.org/download/1WVT.cif,A,148,1
1GQ7,cached_selected,data/raw/pdb_cache/1GQ7.cif,https://files.rcsb.org/download/1GQ7.cif,A,301,1
1LBU,cached_selected,data/raw/pdb_cache/1LBU.cif,https://files.rcsb.org/download/1LBU.cif,A,213,1
1QA7,cached_selected,data/raw/pdb_cache/1QA7.cif,https://files.rcsb.org/download/1QA7.cif,B,218,1
1VCZ,cached_selected,data/raw/pdb_cache/1VCZ.cif,https://files.rcsb.org/download/1VCZ.cif,A,204,1
1FLE,cached_selected,data/raw/pdb_cache/1FLE.cif,https://files.rcsb.org/download/1FLE.cif,E,240,1
1ZDU,cached_selected,data/raw/pdb_cache/1ZDU.cif,https://files.rcsb.org/download/1ZDU.cif,A,233,1
1QYX,cached_selected,data/raw/pdb_cache/1QYX.cif,https://files.rcsb.org/download/1QYX.cif,A,277,1
1WGT,cached_selected,data/raw/pdb_cache/1WGT.cif,https://files.rcsb.org/download/1WGT.cif,A,171,1
1PN4,cached_selected,data/raw/pdb_cache/1PN4.cif,https://files.rcsb.org/download/1PN4.cif,D,273,1
1XI2,cached_selected,data/raw/pdb_cache/1XI2.cif,https://files.rcsb.org/download/1XI2.cif,A,230,1
1LXE,cached_selected,data/raw/pdb_cache/1LXE.cif,https://files.rcsb.org/download/1LXE.cif,A,92,1
1Y8C,cached_selected,data/raw/pdb_cache/1Y8C.cif,https://files.rcsb.org/download/1Y8C.cif,A,246,1
1L11,cached_selected,data/raw/pdb_cache/1L11.cif,https://files.rcsb.org/download/1L11.cif,A,164,1
1F2O,cached_selected,data/raw/pdb_cache/1F2O.cif,https://files.rcsb.org/download/1F2O.cif,A,279,1
2BD1,cached_selected,data/raw/pdb_cache/2BD1.cif,https://files.rcsb.org/download/2BD1.cif,A,125,1
1GE4,cached_selected,data/raw/pdb_cache/1GE4.cif,https://files.rcsb.org/download/1GE4.cif,A,130,1
1R1N,cached_selected,data/raw/pdb_cache/1R1N.cif,https://files.rcsb.org/download/1R1N.cif,A,309,1
1FFC,cached_selected,data/raw/pdb_cache/1FFC.cif,https://files.rcsb.org/download/1FFC.cif,A,197,1
1KE5,cached_selected,data/raw/pdb_cache/1KE5.cif,https://files.rcsb.org/download/1KE5.cif,A,281,1
2BF8,cached_selected,data/raw/pdb_cache/2BF8.cif,https://files.rcsb.org/download/2BF8.cif,A,154,1
1TDI,cached_selected,data/raw/pdb_cache/1TDI.cif,https://files.rcsb.org/download/1TDI.cif,A,218,1
1SO5,cached_selected,data/raw/pdb_cache/1SO5.cif,https://files.rcsb.org/download/1SO5.cif,B,215,1
2AH5,cached_selected,data/raw/pdb_cache/2AH5.cif,https://files.rcsb.org/download/2AH5.cif,A,210,1
1WMI,cached_selected,data/raw/pdb_cache/1WMI.cif,https://files.rcsb.org/download/1WMI.cif,A,88,1
1BD8,cached_selected,data/raw/pdb_cache/1BD8.cif,https://files.rcsb.org/download/1BD8.cif,A,156,1
1SR7,cached_selected,data/raw/pdb_cache/1SR7.cif,https://files.rcsb.org/download/1SR7.cif,A,249,1
1I0B,cached_selected,data/raw/pdb_cache/1I0B.cif,https://files.rcsb.org/download/1I0B.cif,A,332,1
1VDN,cached_selected,data/raw/pdb_cache/1VDN.cif,https://files.rcsb.org/download/1VDN.cif,A,161,1
1ZVF,cached_selected,data/raw/pdb_cache/1ZVF.cif,https://files.rcsb.org/download/1ZVF.cif,A,176,1
1K55,cached_selected,data/raw/pdb_cache/1K55.cif,https://files.rcsb.org/download/1K55.cif,C,247,1
1LYF,cached_selected,data/raw/pdb_cache/1LYF.cif,https://files.rcsb.org/download/1LYF.cif,A,162,1
1H1S,cached_selected,data/raw/pdb_cache/1H1S.cif,https://files.rcsb.org/download/1H1S.cif,A,297,1
1KID,cached_selected,data/raw/pdb_cache/1KID.cif,https://files.rcsb.org/download/1KID.cif,A,193,1
1C9M,cached_selected,data/raw/pdb_cache/1C9M.cif,https://files.rcsb.org/download/1C9M.cif,A,271,1
1RY6,cached_selected,data/raw/pdb_cache/1RY6.cif,https://files.rcsb.org/download/1RY6.cif,A,319,1
2AOA,cached_selected,data/raw/pdb_cache/2AOA.cif,https://files.rcsb.org/download/2AOA.cif,A,93,1
1GCO,cached_selected,data/raw/pdb_cache/1GCO.cif,https://files.rcsb.org/download/1GCO.cif,A,261,1
1XR9,cached_selected,data/raw/pdb_cache/1XR9.cif,https://files.rcsb.org/download/1XR9.cif,A,276,1
1QTK,cached_selected,data/raw/pdb_cache/1QTK.cif,https://files.rcsb.org/download/1QTK.cif,A,129,1
1FHW,cached_selected,data/raw/pdb_cache/1FHW.cif,https://files.rcsb.org/download/1FHW.cif,B,126,1
1T66,cached_selected,data/raw/pdb_cache/1T66.cif,https://files.rcsb.org/download/1T66.cif,H,220,1
1SJ7,cached_selected,data/raw/pdb_cache/1SJ7.cif,https://files.rcsb.org/download/1SJ7.cif,B,170,1
1OYF,cached_selected,data/raw/pdb_cache/1OYF.cif,https://files.rcsb.org/download/1OYF.cif,A,121,1
1BNS,cached_selected,data/raw/pdb_cache/1BNS.cif,https://files.rcsb.org/download/1BNS.cif,A,108,1
1OEJ,cached_selected,data/raw/pdb_cache/1OEJ.cif,https://files.rcsb.org/download/1OEJ.cif,A,187,1
2BLX,cached_selected,data/raw/pdb_cache/2BLX.cif,https://files.rcsb.org/download/2BLX.cif,A,129,1
216L,cached_selected,data/raw/pdb_cache/216L.cif,https://files.rcsb.org/download/216L.cif,B,164,1
1WZ8,cached_selected,data/raw/pdb_cache/1WZ8.cif,https://files.rcsb.org/download/1WZ8.cif,A,263,1
1ZYB,cached_selected,data/raw/pdb_cache/1ZYB.cif,https://files.rcsb.org/download/1ZYB.cif,A,230,1
1OHJ,cached_selected,data/raw/pdb_cache/1OHJ.cif,https://files.rcsb.org/download/1OHJ.cif,A,186,1
1ZLB,cached_selected,data/raw/pdb_cache/1ZLB.cif,https://files.rcsb.org/download/1ZLB.cif,A,122,1
1Q3D,cached_selected,data/raw/pdb_cache/1Q3D.cif,https://files.rcsb.org/download/1Q3D.cif,A,339,1
1M75,cached_selected,data/raw/pdb_cache/1M75.cif,https://files.rcsb.org/download/1M75.cif,A,291,1
1V04,cached_selected,data/raw/pdb_cache/1V04.cif,https://files.rcsb.org/download/1V04.cif,A,334,1
1UAX,cached_selected,data/raw/pdb_cache/1UAX.cif,https://files.rcsb.org/download/1UAX.cif,A,211,1
1T7C,cached_selected,data/raw/pdb_cache/1T7C.cif,https://files.rcsb.org/download/1T7C.cif,A,239,1
1P6O,cached_selected,data/raw/pdb_cache/1P6O.cif,https://files.rcsb.org/download/1P6O.cif,B,163,1
1Q1L,cached_selected,data/raw/pdb_cache/1Q1L.cif,https://files.rcsb.org/download/1Q1L.cif,A,336,1
1MZJ,cached_selected,data/raw/pdb_cache/1MZJ.cif,https://files.rcsb.org/download/1MZJ.cif,A,334,1
1WEG,cached_selected,data/raw/pdb_cache/1WEG.cif,https://files.rcsb.org/download/1WEG.cif,A,225,1
1YDA,cached_selected,data/raw/pdb_cache/1YDA.cif,https://files.rcsb.org/download/1YDA.cif,A,255,1
1M5Q,cached_selected,data/raw/pdb_cache/1M5Q.cif,https://files.rcsb.org/download/1M5Q.cif,H,128,1
1IN8,cached_selected,data/raw/pdb_cache/1IN8.cif,https://files.rcsb.org/download/1IN8.cif,A,298,1
1IR7,cached_selected,data/raw/pdb_cache/1IR7.cif,https://files.rcsb.org/download/1IR7.cif,A,129,1
1QQL,cached_selected,data/raw/pdb_cache/1QQL.cif,https://files.rcsb.org/download/1QQL.cif,A,131,1
1M66,cached_selected,data/raw/pdb_cache/1M66.cif,https://files.rcsb.org/download/1M66.cif,A,347,1
1CYY,cached_selected,data/raw/pdb_cache/1CYY.cif,https://files.rcsb.org/download/1CYY.cif,B,251,1
1IN4,cached_selected,data/raw/pdb_cache/1IN4.cif,https://files.rcsb.org/download/1IN4.cif,A,298,1
1V1K,cached_selected,data/raw/pdb_cache/1V1K.cif,https://files.rcsb.org/download/1V1K.cif,A,277,1
1LY8,cached_selected,data/raw/pdb_cache/1LY8.cif,https://files.rcsb.org/download/1LY8.cif,A,341,1
1FXA,cached_selected,data/raw/pdb_cache/1FXA.cif,https://files.rcsb.org/download/1FXA.cif,A,98,1
1IEC,cached_selected,data/raw/pdb_cache/1IEC.cif,https://files.rcsb.org/download/1IEC.cif,B,219,1
1PVW,cached_selected,data/raw/pdb_cache/1PVW.cif,https://files.rcsb.org/download/1PVW.cif,A,220,1
1GFV,cached_selected,data/raw/pdb_cache/1GFV.cif,https://files.rcsb.org/download/1GFV.cif,A,130,1
1ZRQ,cached_selected,data/raw/pdb_cache/1ZRQ.cif,https://files.rcsb.org/download/1ZRQ.cif,B,287,1
1W3I,cached_selected,data/raw/pdb_cache/1W3I.cif,https://files.rcsb.org/download/1W3I.cif,A,294,1
1DEL,cached_selected,data/raw/pdb_cache/1DEL.cif,https://files.rcsb.org/download/1DEL.cif,A,241,1
1EV9,cached_selected,data/raw/pdb_cache/1EV9.cif,https://files.rcsb.org/download/1EV9.cif,A,219,1
1MLF,cached_selected,data/raw/pdb_cache/1MLF.cif,https://files.rcsb.org/download/1MLF.cif,A,154,1
1WV8,cached_selected,data/raw/pdb_cache/1WV8.cif,https://files.rcsb.org/download/1WV8.cif,A,71,1
1RYP,cached_selected,data/raw/pdb_cache/1RYP.cif,https://files.rcsb.org/download/1RYP.cif,B,250,1
1DG8,cached_selected,data/raw/pdb_cache/1DG8.cif,https://files.rcsb.org/download/1DG8.cif,A,159,1
1IGB,cached_selected,data/raw/pdb_cache/1IGB.cif,https://files.rcsb.org/download/1IGB.cif,A,291,1
1ZYT,cached_selected,data/raw/pdb_cache/1ZYT.cif,https://files.rcsb.org/download/1ZYT.cif,A,164,1
1LUC,cached_selected,data/raw/pdb_cache/1LUC.cif,https://files.rcsb.org/download/1LUC.cif,A,326,1
1KW5,cached_selected,data/raw/pdb_cache/1KW5.cif,https://files.rcsb.org/download/1KW5.cif,A,162,1
1IV3,cached_selected,data/raw/pdb_cache/1IV3.cif,https://files.rcsb.org/download/1IV3.cif,A,150,1
1FUS,cached_selected,data/raw/pdb_cache/1FUS.cif,https://files.rcsb.org/download/1FUS.cif,A,106,1
1BN4,cached_selected,data/raw/pdb_cache/1BN4.cif,https://files.rcsb.org/download/1BN4.cif,A,257,1
1O2V,cached_selected,data/raw/pdb_cache/1O2V.cif,https://files.rcsb.org/download/1O2V.cif,A,224,1
1IAV,cached_selected,data/raw/pdb_cache/1IAV.cif,https://files.rcsb.org/download/1IAV.cif,A,271,1
1RBE,cached_selected,data/raw/pdb_cache/1RBE.cif,https://files.rcsb.org/download/1RBE.cif,A,104,1
1PHN,cached_selected,data/raw/pdb_cache/1PHN.cif,https://files.rcsb.org/download/1PHN.cif,B,172,1
1T6Q,cached_selected,data/raw/pdb_cache/1T6Q.cif,https://files.rcsb.org/download/1T6Q.cif,B,112,1
1H8D,cached_selected,data/raw/pdb_cache/1H8D.cif,https://files.rcsb.org/download/1H8D.cif,H,251,1
1TYB,cached_selected,data/raw/pdb_cache/1TYB.cif,https://files.rcsb.org/download/1TYB.cif,E,318,1
1UT0,cached_selected,data/raw/pdb_cache/1UT0.cif,https://files.rcsb.org/download/1UT0.cif,A,154,1
1EFQ,cached_selected,data/raw/pdb_cache/1EFQ.cif,https://files.rcsb.org/download/1EFQ.cif,A,113,1
1KNU,cached_selected,data/raw/pdb_cache/1KNU.cif,https://files.rcsb.org/download/1KNU.cif,A,265,1
2BME,cached_selected,data/raw/pdb_cache/2BME.cif,https://files.rcsb.org/download/2BME.cif,A,176,1
1KAO,cached_selected,data/raw/pdb_cache/1KAO.cif,https://files.rcsb.org/download/1KAO.cif,A,167,1
1ID4,cached_selected,data/raw/pdb_cache/1ID4.cif,https://files.rcsb.org/download/1ID4.cif,B,219,1
1L4D,cached_selected,data/raw/pdb_cache/1L4D.cif,https://files.rcsb.org/download/1L4D.cif,A,249,1
1D1Z,cached_selected,data/raw/pdb_cache/1D1Z.cif,https://files.rcsb.org/download/1D1Z.cif,A,101,1
1MG6,cached_selected,data/raw/pdb_cache/1MG6.cif,https://files.rcsb.org/download/1MG6.cif,A,122,1
1F1C,cached_selected,data/raw/pdb_cache/1F1C.cif,https://files.rcsb.org/download/1F1C.cif,A,129,1
1XHC,cached_selected,data/raw/pdb_cache/1XHC.cif,https://files.rcsb.org/download/1XHC.cif,A,346,1
1PVU,cached_selected,data/raw/pdb_cache/1PVU.cif,https://files.rcsb.org/download/1PVU.cif,A,154,1
1B7I,cached_selected,data/raw/pdb_cache/1B7I.cif,https://files.rcsb.org/download/1B7I.cif,A,66,1
1INL,cached_selected,data/raw/pdb_cache/1INL.cif,https://files.rcsb.org/download/1INL.cif,C,293,1
1G0G,cached_selected,data/raw/pdb_cache/1G0G.cif,https://files.rcsb.org/download/1G0G.cif,A,162,1
1YJ3,cached_selected,data/raw/pdb_cache/1YJ3.cif,https://files.rcsb.org/download/1YJ3.cif,A,283,1
1YNR,cached_selected,data/raw/pdb_cache/1YNR.cif,https://files.rcsb.org/download/1YNR.cif,A,80,1
1CJS,cached_selected,data/raw/pdb_cache/1CJS.cif,https://files.rcsb.org/download/1CJS.cif,A,212,1
2B3G,cached_selected,data/raw/pdb_cache/2B3G.cif,https://files.rcsb.org/download/2B3G.cif,A,117,1
1N2X,cached_selected,data/raw/pdb_cache/1N2X.cif,https://files.rcsb.org/download/1N2X.cif,A,288,1
2A0B,cached_selected,data/raw/pdb_cache/2A0B.cif,https://files.rcsb.org/download/2A0B.cif,A,118,1
1RBY,cached_selected,data/raw/pdb_cache/1RBY.cif,https://files.rcsb.org/download/1RBY.cif,A,200,1
1QCZ,cached_selected,data/raw/pdb_cache/1QCZ.cif,https://files.rcsb.org/download/1QCZ.cif,A,162,1
1KBA,cached_selected,data/raw/pdb_cache/1KBA.cif,https://files.rcsb.org/download/1KBA.cif,A,66,1
1YDB,cached_selected,data/raw/pdb_cache/1YDB.cif,https://files.rcsb.org/download/1YDB.cif,A,255,1
1W5O,cached_selected,data/raw/pdb_cache/1W5O.cif,https://files.rcsb.org/download/1W5O.cif,A,329,1
1BGP,cached_selected,data/raw/pdb_cache/1BGP.cif,https://files.rcsb.org/download/1BGP.cif,A,310,1
1O6D,cached_selected,data/raw/pdb_cache/1O6D.cif,https://files.rcsb.org/download/1O6D.cif,A,147,1
1YT4,cached_selected,data/raw/pdb_cache/1YT4.cif,https://files.rcsb.org/download/1YT4.cif,A,263,1
1K1U,cached_selected,data/raw/pdb_cache/1K1U.cif,https://files.rcsb.org/download/1K1U.cif,B,100,1
1A1M,cached_selected,data/raw/pdb_cache/1A1M.cif,https://files.rcsb.org/download/1A1M.cif,A,278,1
1C83,cached_selected,data/raw/pdb_cache/1C83.cif,https://files.rcsb.org/download/1C83.cif,A,297,1
1WM2,cached_selected,data/raw/pdb_cache/1WM2.cif,https://files.rcsb.org/download/1WM2.cif,A,78,1
1S36,cached_selected,data/raw/pdb_cache/1S36.cif,https://files.rcsb.org/download/1S36.cif,A,185,1
1IM3,cached_selected,data/raw/pdb_cache/1IM3.cif,https://files.rcsb.org/download/1IM3.cif,A,275,1
1FK0,cached_selected,data/raw/pdb_cache/1FK0.cif,https://files.rcsb.org/download/1FK0.cif,A,93,1
1RAS,cached_selected,data/raw/pdb_cache/1RAS.cif,https://files.rcsb.org/download/1RAS.cif,A,123,1
1Q6L,cached_selected,data/raw/pdb_cache/1Q6L.cif,https://files.rcsb.org/download/1Q6L.cif,B,215,1
1MEJ,cached_selected,data/raw/pdb_cache/1MEJ.cif,https://files.rcsb.org/download/1MEJ.cif,B,201,1
1FK6,cached_selected,data/raw/pdb_cache/1FK6.cif,https://files.rcsb.org/download/1FK6.cif,A,93,1
1KUI,cached_selected,data/raw/pdb_cache/1KUI.cif,https://files.rcsb.org/download/1KUI.cif,A,201,1
1F2P,cached_selected,data/raw/pdb_cache/1F2P.cif,https://files.rcsb.org/download/1F2P.cif,A,276,1
1C46,cached_selected,data/raw/pdb_cache/1C46.cif,https://files.rcsb.org/download/1C46.cif,A,131,1
1CDE,cached_selected,data/raw/pdb_cache/1CDE.cif,https://files.rcsb.org/download/1CDE.cif,A,210,1
1CBJ,cached_selected,data/raw/pdb_cache/1CBJ.cif,https://files.rcsb.org/download/1CBJ.cif,A,151,1
1G0F,cached_selected,data/raw/pdb_cache/1G0F.cif,https://files.rcsb.org/download/1G0F.cif,A,258,1
1VKD,cached_selected,data/raw/pdb_cache/1VKD.cif,https://files.rcsb.org/download/1VKD.cif,A,327,1
1RNJ,cached_selected,data/raw/pdb_cache/1RNJ.cif,https://files.rcsb.org/download/1RNJ.cif,A,140,1
1LOY,cached_selected,data/raw/pdb_cache/1LOY.cif,https://files.rcsb.org/download/1LOY.cif,A,105,1
1WT0,cached_selected,data/raw/pdb_cache/1WT0.cif,https://files.rcsb.org/download/1WT0.cif,A,263,1
1NW4,cached_selected,data/raw/pdb_cache/1NW4.cif,https://files.rcsb.org/download/1NW4.cif,A,243,1
1A2C,cached_selected,data/raw/pdb_cache/1A2C.cif,https://files.rcsb.org/download/1A2C.cif,H,252,1
1CAM,cached_selected,data/raw/pdb_cache/1CAM.cif,https://files.rcsb.org/download/1CAM.cif,A,258,1
1A27,cached_selected,data/raw/pdb_cache/1A27.cif,https://files.rcsb.org/download/1A27.cif,A,285,1
1NXX,cached_selected,data/raw/pdb_cache/1NXX.cif,https://files.rcsb.org/download/1NXX.cif,A,114,1
1GHM,cached_selected,data/raw/pdb_cache/1GHM.cif,https://files.rcsb.org/download/1GHM.cif,A,257,1
1XR8,cached_selected,data/raw/pdb_cache/1XR8.cif,https://files.rcsb.org/download/1XR8.cif,A,276,1
1YH9,cached_selected,data/raw/pdb_cache/1YH9.cif,https://files.rcsb.org/download/1YH9.cif,B,146,1
1SHM,cached_selected,data/raw/pdb_cache/1SHM.cif,https://files.rcsb.org/download/1SHM.cif,A,118,1
1I72,cached_selected,data/raw/pdb_cache/1I72.cif,https://files.rcsb.org/download/1I72.cif,A,252,1
2APS,cached_selected,data/raw/pdb_cache/2APS.cif,https://files.rcsb.org/download/2APS.cif,A,155,1
1U8F,cached_selected,data/raw/pdb_cache/1U8F.cif,https://files.rcsb.org/download/1U8F.cif,O,333,1
1IL0,cached_selected,data/raw/pdb_cache/1IL0.cif,https://files.rcsb.org/download/1IL0.cif,A,291,1
1ZTD,cached_selected,data/raw/pdb_cache/1ZTD.cif,https://files.rcsb.org/download/1ZTD.cif,A,125,1
2BJV,cached_selected,data/raw/pdb_cache/2BJV.cif,https://files.rcsb.org/download/2BJV.cif,A,236,1
1OYZ,cached_selected,data/raw/pdb_cache/1OYZ.cif,https://files.rcsb.org/download/1OYZ.cif,A,273,1
2BAL,cached_selected,data/raw/pdb_cache/2BAL.cif,https://files.rcsb.org/download/2BAL.cif,A,338,1
1FB8,cached_selected,data/raw/pdb_cache/1FB8.cif,https://files.rcsb.org/download/1FB8.cif,A,106,1
1NV2,cached_selected,data/raw/pdb_cache/1NV2.cif,https://files.rcsb.org/download/1NV2.cif,A,331,1
1RC1,cached_selected,data/raw/pdb_cache/1RC1.cif,https://files.rcsb.org/download/1RC1.cif,A,200,1
1FHD,cached_selected,data/raw/pdb_cache/1FHD.cif,https://files.rcsb.org/download/1FHD.cif,A,312,1
1PB9,cached_selected,data/raw/pdb_cache/1PB9.cif,https://files.rcsb.org/download/1PB9.cif,A,282,1
1MB3,cached_selected,data/raw/pdb_cache/1MB3.cif,https://files.rcsb.org/download/1MB3.cif,A,117,1
1IAD,cached_selected,data/raw/pdb_cache/1IAD.cif,https://files.rcsb.org/download/1IAD.cif,A,200,1
1IGM,cached_selected,data/raw/pdb_cache/1IGM.cif,https://files.rcsb.org/download/1IGM.cif,H,129,1
1JBY,cached_selected,data/raw/pdb_cache/1JBY.cif,https://files.rcsb.org/download/1JBY.cif,A,223,1
1WLG,cached_selected,data/raw/pdb_cache/1WLG.cif,https://files.rcsb.org/download/1WLG.cif,A,293,1
2AHE,cached_selected,data/raw/pdb_cache/2AHE.cif,https://files.rcsb.org/download/2AHE.cif,A,228,1
1L61,cached_selected,data/raw/pdb_cache/1L61.cif,https://files.rcsb.org/download/1L61.cif,A,162,1
1U8I,cached_selected,data/raw/pdb_cache/1U8I.cif,https://files.rcsb.org/download/1U8I.cif,B,227,1
1ITB,cached_selected,data/raw/pdb_cache/1ITB.cif,https://files.rcsb.org/download/1ITB.cif,B,310,1
1N42,cached_selected,data/raw/pdb_cache/1N42.cif,https://files.rcsb.org/download/1N42.cif,A,323,1
1HJR,cached_selected,data/raw/pdb_cache/1HJR.cif,https://files.rcsb.org/download/1HJR.cif,A,158,1
1FX1,cached_selected,data/raw/pdb_cache/1FX1.cif,https://files.rcsb.org/download/1FX1.cif,A,147,1
1DT1,cached_selected,data/raw/pdb_cache/1DT1.cif,https://files.rcsb.org/download/1DT1.cif,A,129,1
1US0,cached_selected,data/raw/pdb_cache/1US0.cif,https://files.rcsb.org/download/1US0.cif,A,313,1
1VL9,cached_selected,data/raw/pdb_cache/1VL9.cif,https://files.rcsb.org/download/1VL9.cif,A,125,1
1R5C,cached_selected,data/raw/pdb_cache/1R5C.cif,https://files.rcsb.org/download/1R5C.cif,A,124,1
1HOW,cached_selected,data/raw/pdb_cache/1HOW.cif,https://files.rcsb.org/download/1HOW.cif,A,346,1
1M67,cached_selected,data/raw/pdb_cache/1M67.cif,https://files.rcsb.org/download/1M67.cif,A,347,1
1DKK,cached_selected,data/raw/pdb_cache/1DKK.cif,https://files.rcsb.org/download/1DKK.cif,A,129,1
1BEC,cached_selected,data/raw/pdb_cache/1BEC.cif,https://files.rcsb.org/download/1BEC.cif,A,238,1
1AS8,cached_selected,data/raw/pdb_cache/1AS8.cif,https://files.rcsb.org/download/1AS8.cif,A,336,1
1SHV,cached_selected,data/raw/pdb_cache/1SHV.cif,https://files.rcsb.org/download/1SHV.cif,A,265,1
1AVT,cached_selected,data/raw/pdb_cache/1AVT.cif,https://files.rcsb.org/download/1AVT.cif,A,274,1
1A7G,cached_selected,data/raw/pdb_cache/1A7G.cif,https://files.rcsb.org/download/1A7G.cif,E,82,1
1AD8,cached_selected,data/raw/pdb_cache/1AD8.cif,https://files.rcsb.org/download/1AD8.cif,H,250,1
1P6B,cached_selected,data/raw/pdb_cache/1P6B.cif,https://files.rcsb.org/download/1P6B.cif,B,331,1
1GYK,cached_selected,data/raw/pdb_cache/1GYK.cif,https://files.rcsb.org/download/1GYK.cif,A,206,1
1GB0,cached_selected,data/raw/pdb_cache/1GB0.cif,https://files.rcsb.org/download/1GB0.cif,A,130,1
1QGQ,cached_selected,data/raw/pdb_cache/1QGQ.cif,https://files.rcsb.org/download/1QGQ.cif,A,238,1
2B2W,cached_selected,data/raw/pdb_cache/2B2W.cif,https://files.rcsb.org/download/2B2W.cif,A,177,1
1KBQ,cached_selected,data/raw/pdb_cache/1KBQ.cif,https://files.rcsb.org/download/1KBQ.cif,A,272,1
1HB3,cached_selected,data/raw/pdb_cache/1HB3.cif,https://files.rcsb.org/download/1HB3.cif,A,329,1
1XEI,cached_selected,data/raw/pdb_cache/1XEI.cif,https://files.rcsb.org/download/1XEI.cif,A,129,1
1M8J,cached_selected,data/raw/pdb_cache/1M8J.cif,https://files.rcsb.org/download/1M8J.cif,A,167,1
1V8H,cached_selected,data/raw/pdb_cache/1V8H.cif,https://files.rcsb.org/download/1V8H.cif,A,106,1
2AE0,cached_selected,data/raw/pdb_cache/2AE0.cif,https://files.rcsb.org/download/2AE0.cif,X,335,1
1MVC,cached_selected,data/raw/pdb_cache/1MVC.cif,https://files.rcsb.org/download/1MVC.cif,A,212,1
1JD5,cached_selected,data/raw/pdb_cache/1JD5.cif,https://files.rcsb.org/download/1JD5.cif,A,105,1
1RI6,cached_selected,data/raw/pdb_cache/1RI6.cif,https://files.rcsb.org/download/1RI6.cif,A,333,1
1EKR,cached_selected,data/raw/pdb_cache/1EKR.cif,https://files.rcsb.org/download/1EKR.cif,A,143,1
1WL7,cached_selected,data/raw/pdb_cache/1WL7.cif,https://files.rcsb.org/download/1WL7.cif,A,313,1
1GGG,cached_selected,data/raw/pdb_cache/1GGG.cif,https://files.rcsb.org/download/1GGG.cif,A,220,1
1IJQ,cached_selected,data/raw/pdb_cache/1IJQ.cif,https://files.rcsb.org/download/1IJQ.cif,A,308,1
1T2A,cached_selected,data/raw/pdb_cache/1T2A.cif,https://files.rcsb.org/download/1T2A.cif,A,338,1
1GMR,cached_selected,data/raw/pdb_cache/1GMR.cif,https://files.rcsb.org/download/1GMR.cif,A,96,1
1UPV,cached_selected,data/raw/pdb_cache/1UPV.cif,https://files.rcsb.org/download/1UPV.cif,A,232,1
1F09,cached_selected,data/raw/pdb_cache/1F09.cif,https://files.rcsb.org/download/1F09.cif,A,225,1
1UNQ,cached_selected,data/raw/pdb_cache/1UNQ.cif,https://files.rcsb.org/download/1UNQ.cif,A,117,1
1L57,cached_selected,data/raw/pdb_cache/1L57.cif,https://files.rcsb.org/download/1L57.cif,A,162,1
1RRA,cached_selected,data/raw/pdb_cache/1RRA.cif,https://files.rcsb.org/download/1RRA.cif,A,124,1
1ETO,cached_selected,data/raw/pdb_cache/1ETO.cif,https://files.rcsb.org/download/1ETO.cif,B,94,1
1Q3P,cached_selected,data/raw/pdb_cache/1Q3P.cif,https://files.rcsb.org/download/1Q3P.cif,B,103,1
1A21,cached_selected,data/raw/pdb_cache/1A21.cif,https://files.rcsb.org/download/1A21.cif,B,197,1
1TIK,cached_selected,data/raw/pdb_cache/1TIK.cif,https://files.rcsb.org/download/1TIK.cif,A,203,1
1BSC,cached_selected,data/raw/pdb_cache/1BSC.cif,https://files.rcsb.org/download/1BSC.cif,A,108,1
1F80,cached_selected,data/raw/pdb_cache/1F80.cif,https://files.rcsb.org/download/1F80.cif,A,118,1
13SN,cached_selected,data/raw/pdb_cache/13SN.cif,https://files.rcsb.org/download/13SN.cif,A,69,1
1THV,cached_selected,data/raw/pdb_cache/1THV.cif,https://files.rcsb.org/download/1THV.cif,A,207,1
1Z97,cached_selected,data/raw/pdb_cache/1Z97.cif,https://files.rcsb.org/download/1Z97.cif,A,263,1
1P2C,cached_selected,data/raw/pdb_cache/1P2C.cif,https://files.rcsb.org/download/1P2C.cif,A,212,1
1K8U,cached_selected,data/raw/pdb_cache/1K8U.cif,https://files.rcsb.org/download/1K8U.cif,A,89,1
1L7M,cached_selected,data/raw/pdb_cache/1L7M.cif,https://files.rcsb.org/download/1L7M.cif,B,210,1
1LKI,cached_selected,data/raw/pdb_cache/1LKI.cif,https://files.rcsb.org/download/1LKI.cif,A,172,1
1UHE,cached_selected,data/raw/pdb_cache/1UHE.cif,https://files.rcsb.org/download/1UHE.cif,A,97,1
1NSR,cached_selected,data/raw/pdb_cache/1NSR.cif,https://files.rcsb.org/download/1NSR.cif,B,346,1
1OHU,cached_selected,data/raw/pdb_cache/1OHU.cif,https://files.rcsb.org/download/1OHU.cif,B,168,1
1LFM,cached_selected,data/raw/pdb_cache/1LFM.cif,https://files.rcsb.org/download/1LFM.cif,A,103,1
1YYP,cached_selected,data/raw/pdb_cache/1YYP.cif,https://files.rcsb.org/download/1YYP.cif,A,249,1
2AJ6,cached_selected,data/raw/pdb_cache/2AJ6.cif,https://files.rcsb.org/download/2AJ6.cif,A,120,1
2BVE,cached_selected,data/raw/pdb_cache/2BVE.cif,https://files.rcsb.org/download/2BVE.cif,A,119,1
1YC1,cached_selected,data/raw/pdb_cache/1YC1.cif,https://files.rcsb.org/download/1YC1.cif,A,210,1
2APB,cached_selected,data/raw/pdb_cache/2APB.cif,https://files.rcsb.org/download/2APB.cif,A,110,1
1WSJ,cached_selected,data/raw/pdb_cache/1WSJ.cif,https://files.rcsb.org/download/1WSJ.cif,A,155,1
1I7H,cached_selected,data/raw/pdb_cache/1I7H.cif,https://files.rcsb.org/download/1I7H.cif,A,109,1
1K2D,cached_selected,data/raw/pdb_cache/1K2D.cif,https://files.rcsb.org/download/1K2D.cif,B,185,1
1IXX,cached_selected,data/raw/pdb_cache/1IXX.cif,https://files.rcsb.org/download/1IXX.cif,A,130,1
1M38,cached_selected,data/raw/pdb_cache/1M38.cif,https://files.rcsb.org/download/1M38.cif,A,282,1
1OZ7,cached_selected,data/raw/pdb_cache/1OZ7.cif,https://files.rcsb.org/download/1OZ7.cif,A,131,1
1GN4,cached_selected,data/raw/pdb_cache/1GN4.cif,https://files.rcsb.org/download/1GN4.cif,A,198,1
1M7H,cached_selected,data/raw/pdb_cache/1M7H.cif,https://files.rcsb.org/download/1M7H.cif,C,204,1
1V2L,cached_selected,data/raw/pdb_cache/1V2L.cif,https://files.rcsb.org/download/1V2L.cif,T,224,1
1DWQ,cached_selected,data/raw/pdb_cache/1DWQ.cif,https://files.rcsb.org/download/1DWQ.cif,A,262,1
1CM8,cached_selected,data/raw/pdb_cache/1CM8.cif,https://files.rcsb.org/download/1CM8.cif,A,329,1
1U0T,cached_selected,data/raw/pdb_cache/1U0T.cif,https://files.rcsb.org/download/1U0T.cif,B,276,1
2APH,cached_selected,data/raw/pdb_cache/2APH.cif,https://files.rcsb.org/download/2APH.cif,A,165,1
1PXS,cached_selected,data/raw/pdb_cache/1PXS.cif,https://files.rcsb.org/download/1PXS.cif,A,227,1
1NE9,cached_selected,data/raw/pdb_cache/1NE9.cif,https://files.rcsb.org/download/1NE9.cif,A,335,1
1TXI,cached_selected,data/raw/pdb_cache/1TXI.cif,https://files.rcsb.org/download/1TXI.cif,A,253,1
1VWN,cached_selected,data/raw/pdb_cache/1VWN.cif,https://files.rcsb.org/download/1VWN.cif,B,121,1
1H91,cached_selected,data/raw/pdb_cache/1H91.cif,https://files.rcsb.org/download/1H91.cif,A,180,1
1R37,cached_selected,data/raw/pdb_cache/1R37.cif,https://files.rcsb.org/download/1R37.cif,A,347,1
1PY9,cached_selected,data/raw/pdb_cache/1PY9.cif,https://files.rcsb.org/download/1PY9.cif,A,116,1
1PHW,cached_selected,data/raw/pdb_cache/1PHW.cif,https://files.rcsb.org/download/1PHW.cif,A,272,1
2B4I,cached_selected,data/raw/pdb_cache/2B4I.cif,https://files.rcsb.org/download/2B4I.cif,B,234,1
1AE3,cached_selected,data/raw/pdb_cache/1AE3.cif,https://files.rcsb.org/download/1AE3.cif,A,86,1
2ANP,cached_selected,data/raw/pdb_cache/2ANP.cif,https://files.rcsb.org/download/2ANP.cif,A,291,1
1BO8,cached_selected,data/raw/pdb_cache/1BO8.cif,https://files.rcsb.org/download/1BO8.cif,A,316,1
1D0V,cached_selected,data/raw/pdb_cache/1D0V.cif,https://files.rcsb.org/download/1D0V.cif,A,346,1
1CNK,cached_selected,data/raw/pdb_cache/1CNK.cif,https://files.rcsb.org/download/1CNK.cif,A,257,1
2A6P,cached_selected,data/raw/pdb_cache/2A6P.cif,https://files.rcsb.org/download/2A6P.cif,A,193,1
188L,cached_selected,data/raw/pdb_cache/188L.cif,https://files.rcsb.org/download/188L.cif,A,162,1
1CX7,cached_selected,data/raw/pdb_cache/1CX7.cif,https://files.rcsb.org/download/1CX7.cif,A,162,1
1CUB,cached_selected,data/raw/pdb_cache/1CUB.cif,https://files.rcsb.org/download/1CUB.cif,A,197,1
1E2H,cached_selected,data/raw/pdb_cache/1E2H.cif,https://files.rcsb.org/download/1E2H.cif,B,311,1
1PZP,cached_selected,data/raw/pdb_cache/1PZP.cif,https://files.rcsb.org/download/1PZP.cif,A,263,1
1YWP,cached_selected,data/raw/pdb_cache/1YWP.cif,https://files.rcsb.org/download/1YWP.cif,A,62,1
1J4A,cached_selected,data/raw/pdb_cache/1J4A.cif,https://files.rcsb.org/download/1J4A.cif,D,332,1
1JHV,cached_selected,data/raw/pdb_cache/1JHV.cif,https://files.rcsb.org/download/1JHV.cif,A,346,1
1JSV,cached_selected,data/raw/pdb_cache/1JSV.cif,https://files.rcsb.org/download/1JSV.cif,A,287,1
1SHT,cached_selected,data/raw/pdb_cache/1SHT.cif,https://files.rcsb.org/download/1SHT.cif,X,177,1
247L,cached_selected,data/raw/pdb_cache/247L.cif,https://files.rcsb.org/download/247L.cif,A,164,1
1YRK,cached_selected,data/raw/pdb_cache/1YRK.cif,https://files.rcsb.org/download/1YRK.cif,A,126,1
1U69,cached_selected,data/raw/pdb_cache/1U69.cif,https://files.rcsb.org/download/1U69.cif,A,156,1
1GN8,cached_selected,data/raw/pdb_cache/1GN8.cif,https://files.rcsb.org/download/1GN8.cif,A,159,1
1RWP,cached_selected,data/raw/pdb_cache/1RWP.cif,https://files.rcsb.org/download/1RWP.cif,A,173,1
1I5S,cached_selected,data/raw/pdb_cache/1I5S.cif,https://files.rcsb.org/download/1I5S.cif,A,330,1
1AZV,cached_selected,data/raw/pdb_cache/1AZV.cif,https://files.rcsb.org/download/1AZV.cif,A,153,1
1Y45,cached_selected,data/raw/pdb_cache/1Y45.cif,https://files.rcsb.org/download/1Y45.cif,B,146,1
1ZNZ,cached_selected,data/raw/pdb_cache/1ZNZ.cif,https://files.rcsb.org/download/1ZNZ.cif,A,183,1
1ZH2,cached_selected,data/raw/pdb_cache/1ZH2.cif,https://files.rcsb.org/download/1ZH2.cif,A,121,1
1M8R,cached_selected,data/raw/pdb_cache/1M8R.cif,https://files.rcsb.org/download/1M8R.cif,A,124,1
1MU8,cached_selected,data/raw/pdb_cache/1MU8.cif,https://files.rcsb.org/download/1MU8.cif,B,250,1
1DQY,cached_selected,data/raw/pdb_cache/1DQY.cif,https://files.rcsb.org/download/1DQY.cif,A,283,1
1KL9,cached_selected,data/raw/pdb_cache/1KL9.cif,https://files.rcsb.org/download/1KL9.cif,A,168,1
1MLN,cached_selected,data/raw/pdb_cache/1MLN.cif,https://files.rcsb.org/download/1MLN.cif,A,154,1
2AHN,cached_selected,data/raw/pdb_cache/2AHN.cif,https://files.rcsb.org/download/2AHN.cif,A,222,1
1ZRH,cached_selected,data/raw/pdb_cache/1ZRH.cif,https://files.rcsb.org/download/1ZRH.cif,A,263,1
2A1F,cached_selected,data/raw/pdb_cache/2A1F.cif,https://files.rcsb.org/download/2A1F.cif,C,237,1
1XKU,cached_selected,data/raw/pdb_cache/1XKU.cif,https://files.rcsb.org/download/1XKU.cif,A,305,1
1SQI,cached_selected,data/raw/pdb_cache/1SQI.cif,https://files.rcsb.org/download/1SQI.cif,A,343,1
1QFE,cached_selected,data/raw/pdb_cache/1QFE.cif,https://files.rcsb.org/download/1QFE.cif,A,252,1
2AJS,cached_selected,data/raw/pdb_cache/2AJS.cif,https://files.rcsb.org/download/2AJS.cif,H,219,1
1X25,cached_selected,data/raw/pdb_cache/1X25.cif,https://files.rcsb.org/download/1X25.cif,B,128,1
2A84,cached_selected,data/raw/pdb_cache/2A84.cif,https://files.rcsb.org/download/2A84.cif,A,277,1
1BRH,cached_selected,data/raw/pdb_cache/1BRH.cif,https://files.rcsb.org/download/1BRH.cif,A,108,1
1HXE,cached_selected,data/raw/pdb_cache/1HXE.cif,https://files.rcsb.org/download/1HXE.cif,H,248,1
1Z5O,cached_selected,data/raw/pdb_cache/1Z5O.cif,https://files.rcsb.org/download/1Z5O.cif,A,235,1
1WDU,cached_selected,data/raw/pdb_cache/1WDU.cif,https://files.rcsb.org/download/1WDU.cif,B,219,1
1FPQ,cached_selected,data/raw/pdb_cache/1FPQ.cif,https://files.rcsb.org/download/1FPQ.cif,A,334,1
1DAF,cached_selected,data/raw/pdb_cache/1DAF.cif,https://files.rcsb.org/download/1DAF.cif,A,225,1
1L7J,cached_selected,data/raw/pdb_cache/1L7J.cif,https://files.rcsb.org/download/1L7J.cif,A,338,1
1HJF,cached_selected,data/raw/pdb_cache/1HJF.cif,https://files.rcsb.org/download/1HJF.cif,A,273,1
1OHC,cached_selected,data/raw/pdb_cache/1OHC.cif,https://files.rcsb.org/download/1OHC.cif,A,338,1
1D6O,cached_selected,data/raw/pdb_cache/1D6O.cif,https://files.rcsb.org/download/1D6O.cif,A,107,1
1IC6,cached_selected,data/raw/pdb_cache/1IC6.cif,https://files.rcsb.org/download/1IC6.cif,A,281,1
1ON6,cached_selected,data/raw/pdb_cache/1ON6.cif,https://files.rcsb.org/download/1ON6.cif,B,257,1
1H1W,cached_selected,data/raw/pdb_cache/1H1W.cif,https://files.rcsb.org/download/1H1W.cif,A,285,1
1RJW,cached_selected,data/raw/pdb_cache/1RJW.cif,https://files.rcsb.org/download/1RJW.cif,A,339,1
1SBS,cached_selected,data/raw/pdb_cache/1SBS.cif,https://files.rcsb.org/download/1SBS.cif,H,222,1
1TU9,cached_selected,data/raw/pdb_cache/1TU9.cif,https://files.rcsb.org/download/1TU9.cif,A,131,1
1EB0,cached_selected,data/raw/pdb_cache/1EB0.cif,https://files.rcsb.org/download/1EB0.cif,A,143,1
1IBE,cached_selected,data/raw/pdb_cache/1IBE.cif,https://files.rcsb.org/download/1IBE.cif,B,146,1
1ZKO,cached_selected,data/raw/pdb_cache/1ZKO.cif,https://files.rcsb.org/download/1ZKO.cif,A,128,1
2BOZ,cached_selected,data/raw/pdb_cache/2BOZ.cif,https://files.rcsb.org/download/2BOZ.cif,M,302,1
1PPA,cached_selected,data/raw/pdb_cache/1PPA.cif,https://files.rcsb.org/download/1PPA.cif,A,121,1
1MXX,cached_selected,data/raw/pdb_cache/1MXX.cif,https://files.rcsb.org/download/1MXX.cif,B,259,1
1HK9,cached_selected,data/raw/pdb_cache/1HK9.cif,https://files.rcsb.org/download/1HK9.cif,E,67,1
1F97,cached_selected,data/raw/pdb_cache/1F97.cif,https://files.rcsb.org/download/1F97.cif,A,207,1
1ECS,cached_selected,data/raw/pdb_cache/1ECS.cif,https://files.rcsb.org/download/1ECS.cif,A,121,1
1GP2,cached_selected,data/raw/pdb_cache/1GP2.cif,https://files.rcsb.org/download/1GP2.cif,A,344,1
1XMA,cached_selected,data/raw/pdb_cache/1XMA.cif,https://files.rcsb.org/download/1XMA.cif,B,103,1
1F99,cached_selected,data/raw/pdb_cache/1F99.cif,https://files.rcsb.org/download/1F99.cif,B,172,1
1RC9,cached_selected,data/raw/pdb_cache/1RC9.cif,https://files.rcsb.org/download/1RC9.cif,A,221,1
1N5D,cached_selected,data/raw/pdb_cache/1N5D.cif,https://files.rcsb.org/download/1N5D.cif,A,288,1
1I3N,cached_selected,data/raw/pdb_cache/1I3N.cif,https://files.rcsb.org/download/1I3N.cif,A,347,1
1MKG,cached_selected,data/raw/pdb_cache/1MKG.cif,https://files.rcsb.org/download/1MKG.cif,A,94,1
1LR9,cached_selected,data/raw/pdb_cache/1LR9.cif,https://files.rcsb.org/download/1LR9.cif,A,73,1
1X2R,cached_selected,data/raw/pdb_cache/1X2R.cif,https://files.rcsb.org/download/1X2R.cif,A,290,1
1JCZ,cached_selected,data/raw/pdb_cache/1JCZ.cif,https://files.rcsb.org/download/1JCZ.cif,A,260,1
1YG6,cached_selected,data/raw/pdb_cache/1YG6.cif,https://files.rcsb.org/download/1YG6.cif,A,193,1
1U3I,cached_selected,data/raw/pdb_cache/1U3I.cif,https://files.rcsb.org/download/1U3I.cif,A,208,1
1D01,cached_selected,data/raw/pdb_cache/1D01.cif,https://files.rcsb.org/download/1D01.cif,A,168,1
1IFX,cached_selected,data/raw/pdb_cache/1IFX.cif,https://files.rcsb.org/download/1IFX.cif,A,245,1
1KHX,cached_selected,data/raw/pdb_cache/1KHX.cif,https://files.rcsb.org/download/1KHX.cif,A,203,1
1LJO,cached_selected,data/raw/pdb_cache/1LJO.cif,https://files.rcsb.org/download/1LJO.cif,A,75,1
1SZ6,cached_selected,data/raw/pdb_cache/1SZ6.cif,https://files.rcsb.org/download/1SZ6.cif,B,263,1
1HK0,cached_selected,data/raw/pdb_cache/1HK0.cif,https://files.rcsb.org/download/1HK0.cif,X,173,1
1QTB,cached_selected,data/raw/pdb_cache/1QTB.cif,https://files.rcsb.org/download/1QTB.cif,A,162,1
1RR9,cached_selected,data/raw/pdb_cache/1RR9.cif,https://files.rcsb.org/download/1RR9.cif,E,191,1
1PA7,cached_selected,data/raw/pdb_cache/1PA7.cif,https://files.rcsb.org/download/1PA7.cif,A,130,1
1YXD,cached_selected,data/raw/pdb_cache/1YXD.cif,https://files.rcsb.org/download/1YXD.cif,B,295,1
1U59,cached_selected,data/raw/pdb_cache/1U59.cif,https://files.rcsb.org/download/1U59.cif,A,282,1
1BII,cached_selected,data/raw/pdb_cache/1BII.cif,https://files.rcsb.org/download/1BII.cif,A,274,1
1YLQ,cached_selected,data/raw/pdb_cache/1YLQ.cif,https://files.rcsb.org/download/1YLQ.cif,A,93,1
1RNI,cached_selected,data/raw/pdb_cache/1RNI.cif,https://files.rcsb.org/download/1RNI.cif,A,210,1
1U2O,cached_selected,data/raw/pdb_cache/1U2O.cif,https://files.rcsb.org/download/1U2O.cif,A,226,1
1XRJ,cached_selected,data/raw/pdb_cache/1XRJ.cif,https://files.rcsb.org/download/1XRJ.cif,B,213,1
1G74,cached_selected,data/raw/pdb_cache/1G74.cif,https://files.rcsb.org/download/1G74.cif,A,131,1
2BKY,cached_selected,data/raw/pdb_cache/2BKY.cif,https://files.rcsb.org/download/2BKY.cif,A,89,1
2AZU,cached_selected,data/raw/pdb_cache/2AZU.cif,https://files.rcsb.org/download/2AZU.cif,A,128,1
1FYD,cached_selected,data/raw/pdb_cache/1FYD.cif,https://files.rcsb.org/download/1FYD.cif,A,271,1
2BTN,cached_selected,data/raw/pdb_cache/2BTN.cif,https://files.rcsb.org/download/2BTN.cif,A,242,1
1ZT1,cached_selected,data/raw/pdb_cache/1ZT1.cif,https://files.rcsb.org/download/1ZT1.cif,A,273,1
1Z0D,cached_selected,data/raw/pdb_cache/1Z0D.cif,https://files.rcsb.org/download/1Z0D.cif,A,165,1
1MNA,cached_selected,data/raw/pdb_cache/1MNA.cif,https://files.rcsb.org/download/1MNA.cif,B,278,1
1A6W,cached_selected,data/raw/pdb_cache/1A6W.cif,https://files.rcsb.org/download/1A6W.cif,H,120,1
1FYR,cached_selected,data/raw/pdb_cache/1FYR.cif,https://files.rcsb.org/download/1FYR.cif,B,98,1
1OCU,cached_selected,data/raw/pdb_cache/1OCU.cif,https://files.rcsb.org/download/1OCU.cif,A,134,1
1REF,cached_selected,data/raw/pdb_cache/1REF.cif,https://files.rcsb.org/download/1REF.cif,A,190,1
1FFS,cached_selected,data/raw/pdb_cache/1FFS.cif,https://files.rcsb.org/download/1FFS.cif,A,128,1
1K49,cached_selected,data/raw/pdb_cache/1K49.cif,https://files.rcsb.org/download/1K49.cif,A,208,1
1QBM,cached_selected,data/raw/pdb_cache/1QBM.cif,https://files.rcsb.org/download/1QBM.cif,H,219,1
1AVU,cached_selected,data/raw/pdb_cache/1AVU.cif,https://files.rcsb.org/download/1AVU.cif,A,172,1
1OHA,cached_selected,data/raw/pdb_cache/1OHA.cif,https://files.rcsb.org/download/1OHA.cif,A,259,1
1B7M,cached_selected,data/raw/pdb_cache/1B7M.cif,https://files.rcsb.org/download/1B7M.cif,A,130,1
1RWZ,cached_selected,data/raw/pdb_cache/1RWZ.cif,https://files.rcsb.org/download/1RWZ.cif,A,244,1
1LNC,cached_selected,data/raw/pdb_cache/1LNC.cif,https://files.rcsb.org/download/1LNC.cif,E,320,1
1XQP,cached_selected,data/raw/pdb_cache/1XQP.cif,https://files.rcsb.org/download/1XQP.cif,A,252,1
1LK7,cached_selected,data/raw/pdb_cache/1LK7.cif,https://files.rcsb.org/download/1LK7.cif,A,229,1
1OSZ,cached_selected,data/raw/pdb_cache/1OSZ.cif,https://files.rcsb.org/download/1OSZ.cif,A,274,1
1PZ1,cached_selected,data/raw/pdb_cache/1PZ1.cif,https://files.rcsb.org/download/1PZ1.cif,A,333,1
1J0D,cached_selected,data/raw/pdb_cache/1J0D.cif,https://files.rcsb.org/download/1J0D.cif,A,341,1
2BLE,cached_selected,data/raw/pdb_cache/2BLE.cif,https://files.rcsb.org/download/2BLE.cif,A,337,1
1DI1,cached_selected,data/raw/pdb_cache/1DI1.cif,https://files.rcsb.org/download/1DI1.cif,A,290,1
1S67,cached_selected,data/raw/pdb_cache/1S67.cif,https://files.rcsb.org/download/1S67.cif,L,119,1
1DTH,cached_selected,data/raw/pdb_cache/1DTH.cif,https://files.rcsb.org/download/1DTH.cif,A,203,1
2BMM,cached_selected,data/raw/pdb_cache/2BMM.cif,https://files.rcsb.org/download/2BMM.cif,A,123,1
1CCL,cached_selected,data/raw/pdb_cache/1CCL.cif,https://files.rcsb.org/download/1CCL.cif,A,291,1
1RKB,cached_selected,data/raw/pdb_cache/1RKB.cif,https://files.rcsb.org/download/1RKB.cif,A,173,1
1RWN,cached_selected,data/raw/pdb_cache/1RWN.cif,https://files.rcsb.org/download/1RWN.cif,A,173,1
1ERW,cached_selected,data/raw/pdb_cache/1ERW.cif,https://files.rcsb.org/download/1ERW.cif,A,105,1
1Y30,cached_selected,data/raw/pdb_cache/1Y30.cif,https://files.rcsb.org/download/1Y30.cif,A,143,1
1YUX,cached_selected,data/raw/pdb_cache/1YUX.cif,https://files.rcsb.org/download/1YUX.cif,B,202,1
1E5H,cached_selected,data/raw/pdb_cache/1E5H.cif,https://files.rcsb.org/download/1E5H.cif,A,271,1
1EJH,cached_selected,data/raw/pdb_cache/1EJH.cif,https://files.rcsb.org/download/1EJH.cif,C,181,1
1BBB,cached_selected,data/raw/pdb_cache/1BBB.cif,https://files.rcsb.org/download/1BBB.cif,B,146,1
1ETK,cached_selected,data/raw/pdb_cache/1ETK.cif,https://files.rcsb.org/download/1ETK.cif,B,79,1
1CPG,cached_selected,data/raw/pdb_cache/1CPG.cif,https://files.rcsb.org/download/1CPG.cif,A,291,1
1A2W,cached_selected,data/raw/pdb_cache/1A2W.cif,https://files.rcsb.org/download/1A2W.cif,A,124,1
1SPP,cached_selected,data/raw/pdb_cache/1SPP.cif,https://files.rcsb.org/download/1SPP.cif,B,112,1
1UTK,cached_selected,data/raw/pdb_cache/1UTK.cif,https://files.rcsb.org/download/1UTK.cif,A,223,1
1W58,cached_selected,data/raw/pdb_cache/1W58.cif,https://files.rcsb.org/download/1W58.cif,1,337,1
1REX,cached_selected,data/raw/pdb_cache/1REX.cif,https://files.rcsb.org/download/1REX.cif,A,130,1
1CMC,cached_selected,data/raw/pdb_cache/1CMC.cif,https://files.rcsb.org/download/1CMC.cif,A,105,1
1XXS,cached_selected,data/raw/pdb_cache/1XXS.cif,https://files.rcsb.org/download/1XXS.cif,A,122,1
1S20,cached_selected,data/raw/pdb_cache/1S20.cif,https://files.rcsb.org/download/1S20.cif,G,335,1
1VGK,cached_selected,data/raw/pdb_cache/1VGK.cif,https://files.rcsb.org/download/1VGK.cif,A,274,1
1DZ0,cached_selected,data/raw/pdb_cache/1DZ0.cif,https://files.rcsb.org/download/1DZ0.cif,A,129,1
1FYA,cached_selected,data/raw/pdb_cache/1FYA.cif,https://files.rcsb.org/download/1FYA.cif,A,193,1
1U9T,cached_selected,data/raw/pdb_cache/1U9T.cif,https://files.rcsb.org/download/1U9T.cif,A,327,1
1OKT,cached_selected,data/raw/pdb_cache/1OKT.cif,https://files.rcsb.org/download/1OKT.cif,A,211,1
1XBX,cached_selected,data/raw/pdb_cache/1XBX.cif,https://files.rcsb.org/download/1XBX.cif,B,215,1
2B6C,cached_selected,data/raw/pdb_cache/2B6C.cif,https://files.rcsb.org/download/2B6C.cif,B,215,1
1YCL,cached_selected,data/raw/pdb_cache/1YCL.cif,https://files.rcsb.org/download/1YCL.cif,A,155,1
1MJL,cached_selected,data/raw/pdb_cache/1MJL.cif,https://files.rcsb.org/download/1MJL.cif,A,105,1
1CJW,cached_selected,data/raw/pdb_cache/1CJW.cif,https://files.rcsb.org/download/1CJW.cif,A,166,1
2BLV,cached_selected,data/raw/pdb_cache/2BLV.cif,https://files.rcsb.org/download/2BLV.cif,A,224,1
1J00,cached_selected,data/raw/pdb_cache/1J00.cif,https://files.rcsb.org/download/1J00.cif,A,177,1
1INU,cached_selected,data/raw/pdb_cache/1INU.cif,https://files.rcsb.org/download/1INU.cif,A,130,1
1M9Y,cached_selected,data/raw/pdb_cache/1M9Y.cif,https://files.rcsb.org/download/1M9Y.cif,A,165,1
1P2T,cached_selected,data/raw/pdb_cache/1P2T.cif,https://files.rcsb.org/download/1P2T.cif,A,162,1
1CCZ,cached_selected,data/raw/pdb_cache/1CCZ.cif,https://files.rcsb.org/download/1CCZ.cif,A,171,1
1BVC,cached_selected,data/raw/pdb_cache/1BVC.cif,https://files.rcsb.org/download/1BVC.cif,A,153,1
1ZLF,cached_selected,data/raw/pdb_cache/1ZLF.cif,https://files.rcsb.org/download/1ZLF.cif,B,100,1
1Y7Y,cached_selected,data/raw/pdb_cache/1Y7Y.cif,https://files.rcsb.org/download/1Y7Y.cif,A,69,1
1WG8,cached_selected,data/raw/pdb_cache/1WG8.cif,https://files.rcsb.org/download/1WG8.cif,A,282,1
1R7L,cached_selected,data/raw/pdb_cache/1R7L.cif,https://files.rcsb.org/download/1R7L.cif,B,109,1
1F3F,cached_selected,data/raw/pdb_cache/1F3F.cif,https://files.rcsb.org/download/1F3F.cif,A,150,1
1OYU,cached_selected,data/raw/pdb_cache/1OYU.cif,https://files.rcsb.org/download/1OYU.cif,A,173,1
1QQU,cached_selected,data/raw/pdb_cache/1QQU.cif,https://files.rcsb.org/download/1QQU.cif,A,224,1
1XYS,cached_selected,data/raw/pdb_cache/1XYS.cif,https://files.rcsb.org/download/1XYS.cif,A,346,1
1L5L,cached_selected,data/raw/pdb_cache/1L5L.cif,https://files.rcsb.org/download/1L5L.cif,A,347,1
1HF8,cached_selected,data/raw/pdb_cache/1HF8.cif,https://files.rcsb.org/download/1HF8.cif,A,263,1
1M2D,cached_selected,data/raw/pdb_cache/1M2D.cif,https://files.rcsb.org/download/1M2D.cif,A,101,1
1GKX,cached_selected,data/raw/pdb_cache/1GKX.cif,https://files.rcsb.org/download/1GKX.cif,A,308,1
1TS2,cached_selected,data/raw/pdb_cache/1TS2.cif,https://files.rcsb.org/download/1TS2.cif,A,194,1
1JAH,cached_selected,data/raw/pdb_cache/1JAH.cif,https://files.rcsb.org/download/1JAH.cif,A,166,1
1B7D,cached_selected,data/raw/pdb_cache/1B7D.cif,https://files.rcsb.org/download/1B7D.cif,A,61,1
1YPJ,cached_selected,data/raw/pdb_cache/1YPJ.cif,https://files.rcsb.org/download/1YPJ.cif,H,251,1
1ANN,cached_selected,data/raw/pdb_cache/1ANN.cif,https://files.rcsb.org/download/1ANN.cif,A,317,1
1BV3,cached_selected,data/raw/pdb_cache/1BV3.cif,https://files.rcsb.org/download/1BV3.cif,A,257,1
1NR4,cached_selected,data/raw/pdb_cache/1NR4.cif,https://files.rcsb.org/download/1NR4.cif,E,69,1
1I4J,cached_selected,data/raw/pdb_cache/1I4J.cif,https://files.rcsb.org/download/1I4J.cif,A,110,1
2AV1,cached_selected,data/raw/pdb_cache/2AV1.cif,https://files.rcsb.org/download/2AV1.cif,A,275,1
1YPN,cached_selected,data/raw/pdb_cache/1YPN.cif,https://files.rcsb.org/download/1YPN.cif,A,294,1
1PSU,cached_selected,data/raw/pdb_cache/1PSU.cif,https://files.rcsb.org/download/1PSU.cif,B,137,1
1BSV,cached_selected,data/raw/pdb_cache/1BSV.cif,https://files.rcsb.org/download/1BSV.cif,A,317,1
1NFN,cached_selected,data/raw/pdb_cache/1NFN.cif,https://files.rcsb.org/download/1NFN.cif,A,132,1
1ZJP,cached_selected,data/raw/pdb_cache/1ZJP.cif,https://files.rcsb.org/download/1ZJP.cif,A,261,1
1FFE,cached_selected,data/raw/pdb_cache/1FFE.cif,https://files.rcsb.org/download/1FFE.cif,A,197,1
1WC9,cached_selected,data/raw/pdb_cache/1WC9.cif,https://files.rcsb.org/download/1WC9.cif,A,160,1
1HLW,cached_selected,data/raw/pdb_cache/1HLW.cif,https://files.rcsb.org/download/1HLW.cif,A,150,1
1G31,cached_selected,data/raw/pdb_cache/1G31.cif,https://files.rcsb.org/download/1G31.cif,A,107,1
1L0I,cached_selected,data/raw/pdb_cache/1L0I.cif,https://files.rcsb.org/download/1L0I.cif,A,77,1
2ABX,cached_selected,data/raw/pdb_cache/2ABX.cif,https://files.rcsb.org/download/2ABX.cif,A,74,1
2BUQ,cached_selected,data/raw/pdb_cache/2BUQ.cif,https://files.rcsb.org/download/2BUQ.cif,B,238,1
1J23,cached_selected,data/raw/pdb_cache/1J23.cif,https://files.rcsb.org/download/1J23.cif,A,131,1
1SFL,cached_selected,data/raw/pdb_cache/1SFL.cif,https://files.rcsb.org/download/1SFL.cif,B,233,1
1Q2C,cached_selected,data/raw/pdb_cache/1Q2C.cif,https://files.rcsb.org/download/1Q2C.cif,A,162,1
1H5A,cached_selected,data/raw/pdb_cache/1H5A.cif,https://files.rcsb.org/download/1H5A.cif,A,308,1
2B82,cached_selected,data/raw/pdb_cache/2B82.cif,https://files.rcsb.org/download/2B82.cif,A,211,1
1F2M,cached_selected,data/raw/pdb_cache/1F2M.cif,https://files.rcsb.org/download/1F2M.cif,A,136,1
1HBY,cached_selected,data/raw/pdb_cache/1HBY.cif,https://files.rcsb.org/download/1HBY.cif,A,123,1
1YLW,cached_selected,data/raw/pdb_cache/1YLW.cif,https://files.rcsb.org/download/1YLW.cif,A,263,1
1WWK,cached_selected,data/raw/pdb_cache/1WWK.cif,https://files.rcsb.org/download/1WWK.cif,A,304,1
1F2W,cached_selected,data/raw/pdb_cache/1F2W.cif,https://files.rcsb.org/download/1F2W.cif,A,257,1
1DBW,cached_selected,data/raw/pdb_cache/1DBW.cif,https://files.rcsb.org/download/1DBW.cif,B,125,1
1XT8,cached_selected,data/raw/pdb_cache/1XT8.cif,https://files.rcsb.org/download/1XT8.cif,B,251,1
1A8E,cached_selected,data/raw/pdb_cache/1A8E.cif,https://files.rcsb.org/download/1A8E.cif,A,329,1
1NFZ,cached_selected,data/raw/pdb_cache/1NFZ.cif,https://files.rcsb.org/download/1NFZ.cif,B,180,1
1O7K,cached_selected,data/raw/pdb_cache/1O7K.cif,https://files.rcsb.org/download/1O7K.cif,A,124,1
1Z3C,cached_selected,data/raw/pdb_cache/1Z3C.cif,https://files.rcsb.org/download/1Z3C.cif,A,253,1
1LRO,cached_selected,data/raw/pdb_cache/1LRO.cif,https://files.rcsb.org/download/1LRO.cif,A,259,1
1O3B,cached_selected,data/raw/pdb_cache/1O3B.cif,https://files.rcsb.org/download/1O3B.cif,A,224,1
1OW6,cached_selected,data/raw/pdb_cache/1OW6.cif,https://files.rcsb.org/download/1OW6.cif,B,139,1
1ZKY,cached_selected,data/raw/pdb_cache/1ZKY.cif,https://files.rcsb.org/download/1ZKY.cif,B,245,1
1KPB,cached_selected,data/raw/pdb_cache/1KPB.cif,https://files.rcsb.org/download/1KPB.cif,A,113,1
1EJE,cached_selected,data/raw/pdb_cache/1EJE.cif,https://files.rcsb.org/download/1EJE.cif,A,192,1
1XIZ,cached_selected,data/raw/pdb_cache/1XIZ.cif,https://files.rcsb.org/download/1XIZ.cif,B,156,1
2AG5,cached_selected,data/raw/pdb_cache/2AG5.cif,https://files.rcsb.org/download/2AG5.cif,A,246,1
1NN7,cached_selected,data/raw/pdb_cache/1NN7.cif,https://files.rcsb.org/download/1NN7.cif,A,105,1
1MMQ,cached_selected,data/raw/pdb_cache/1MMQ.cif,https://files.rcsb.org/download/1MMQ.cif,A,168,1
1EV7,cached_selected,data/raw/pdb_cache/1EV7.cif,https://files.rcsb.org/download/1EV7.cif,A,295,1
1IZP,cached_selected,data/raw/pdb_cache/1IZP.cif,https://files.rcsb.org/download/1IZP.cif,A,124,1
1JQH,cached_selected,data/raw/pdb_cache/1JQH.cif,https://files.rcsb.org/download/1JQH.cif,A,291,1
1RWO,cached_selected,data/raw/pdb_cache/1RWO.cif,https://files.rcsb.org/download/1RWO.cif,A,173,1
1C5E,cached_selected,data/raw/pdb_cache/1C5E.cif,https://files.rcsb.org/download/1C5E.cif,A,95,1
1MWC,cached_selected,data/raw/pdb_cache/1MWC.cif,https://files.rcsb.org/download/1MWC.cif,A,153,1
1M72,cached_selected,data/raw/pdb_cache/1M72.cif,https://files.rcsb.org/download/1M72.cif,C,252,1
1DBR,cached_selected,data/raw/pdb_cache/1DBR.cif,https://files.rcsb.org/download/1DBR.cif,A,227,1
1LKZ,cached_selected,data/raw/pdb_cache/1LKZ.cif,https://files.rcsb.org/download/1LKZ.cif,A,219,1
1EW6,cached_selected,data/raw/pdb_cache/1EW6.cif,https://files.rcsb.org/download/1EW6.cif,A,137,1
1LH2,cached_selected,data/raw/pdb_cache/1LH2.cif,https://files.rcsb.org/download/1LH2.cif,A,153,1
2A35,cached_selected,data/raw/pdb_cache/2A35.cif,https://files.rcsb.org/download/2A35.cif,A,208,1
1FKH,cached_selected,data/raw/pdb_cache/1FKH.cif,https://files.rcsb.org/download/1FKH.cif,A,107,1
1LKB,cached_selected,data/raw/pdb_cache/1LKB.cif,https://files.rcsb.org/download/1LKB.cif,A,240,1
231L,cached_selected,data/raw/pdb_cache/231L.cif,https://files.rcsb.org/download/231L.cif,A,162,1
1WKJ,cached_selected,data/raw/pdb_cache/1WKJ.cif,https://files.rcsb.org/download/1WKJ.cif,A,137,1
21BK,cached_selected,data/raw/pdb_cache/21BK.cif,https://files.rcsb.org/download/21BK.cif,B,299,1
1RYQ,cached_selected,data/raw/pdb_cache/1RYQ.cif,https://files.rcsb.org/download/1RYQ.cif,A,64,1
1ERM,cached_selected,data/raw/pdb_cache/1ERM.cif,https://files.rcsb.org/download/1ERM.cif,A,263,1
1SZ2,cached_selected,data/raw/pdb_cache/1SZ2.cif,https://files.rcsb.org/download/1SZ2.cif,B,320,1
1Q03,cached_selected,data/raw/pdb_cache/1Q03.cif,https://files.rcsb.org/download/1Q03.cif,A,141,1
1JHJ,cached_selected,data/raw/pdb_cache/1JHJ.cif,https://files.rcsb.org/download/1JHJ.cif,A,161,1
1WPY,cached_selected,data/raw/pdb_cache/1WPY.cif,https://files.rcsb.org/download/1WPY.cif,A,235,1
1H42,cached_selected,data/raw/pdb_cache/1H42.cif,https://files.rcsb.org/download/1H42.cif,A,295,1
1DC5,cached_selected,data/raw/pdb_cache/1DC5.cif,https://files.rcsb.org/download/1DC5.cif,A,330,1
1KIL,cached_selected,data/raw/pdb_cache/1KIL.cif,https://files.rcsb.org/download/1KIL.cif,C,72,1
1NYY,cached_selected,data/raw/pdb_cache/1NYY.cif,https://files.rcsb.org/download/1NYY.cif,A,263,1
1F8Y,cached_selected,data/raw/pdb_cache/1F8Y.cif,https://files.rcsb.org/download/1F8Y.cif,A,156,1
1MZR,cached_selected,data/raw/pdb_cache/1MZR.cif,https://files.rcsb.org/download/1MZR.cif,B,276,1
1AEM,cached_selected,data/raw/pdb_cache/1AEM.cif,https://files.rcsb.org/download/1AEM.cif,A,291,1
1ZK1,cached_selected,data/raw/pdb_cache/1ZK1.cif,https://files.rcsb.org/download/1ZK1.cif,A,251,1
1B7L,cached_selected,data/raw/pdb_cache/1B7L.cif,https://files.rcsb.org/download/1B7L.cif,A,130,1
1O5A,cached_selected,data/raw/pdb_cache/1O5A.cif,https://files.rcsb.org/download/1O5A.cif,B,246,1
1GJY,cached_selected,data/raw/pdb_cache/1GJY.cif,https://files.rcsb.org/download/1GJY.cif,A,167,1
1JSE,cached_selected,data/raw/pdb_cache/1JSE.cif,https://files.rcsb.org/download/1JSE.cif,A,129,1
1E9F,cached_selected,data/raw/pdb_cache/1E9F.cif,https://files.rcsb.org/download/1E9F.cif,A,202,1
1GX2,cached_selected,data/raw/pdb_cache/1GX2.cif,https://files.rcsb.org/download/1GX2.cif,A,310,1
1T6D,cached_selected,data/raw/pdb_cache/1T6D.cif,https://files.rcsb.org/download/1T6D.cif,A,303,1
1QRL,cached_selected,data/raw/pdb_cache/1QRL.cif,https://files.rcsb.org/download/1QRL.cif,A,214,1
1U9X,cached_selected,data/raw/pdb_cache/1U9X.cif,https://files.rcsb.org/download/1U9X.cif,A,216,1
1DK0,cached_selected,data/raw/pdb_cache/1DK0.cif,https://files.rcsb.org/download/1DK0.cif,A,173,1
1RF2,cached_selected,data/raw/pdb_cache/1RF2.cif,https://files.rcsb.org/download/1RF2.cif,D,103,1
1QS7,cached_selected,data/raw/pdb_cache/1QS7.cif,https://files.rcsb.org/download/1QS7.cif,A,149,1
1SYG,cached_selected,data/raw/pdb_cache/1SYG.cif,https://files.rcsb.org/download/1SYG.cif,A,136,1
1JHT,cached_selected,data/raw/pdb_cache/1JHT.cif,https://files.rcsb.org/download/1JHT.cif,A,273,1
1SBI,cached_selected,data/raw/pdb_cache/1SBI.cif,https://files.rcsb.org/download/1SBI.cif,A,276,1
1UN4,cached_selected,data/raw/pdb_cache/1UN4.cif,https://files.rcsb.org/download/1UN4.cif,A,119,1
1SNG,cached_selected,data/raw/pdb_cache/1SNG.cif,https://files.rcsb.org/download/1SNG.cif,A,350,1
1O16,cached_selected,data/raw/pdb_cache/1O16.cif,https://files.rcsb.org/download/1O16.cif,A,154,1
1DQP,cached_selected,data/raw/pdb_cache/1DQP.cif,https://files.rcsb.org/download/1DQP.cif,A,230,1
1AGF,cached_selected,data/raw/pdb_cache/1AGF.cif,https://files.rcsb.org/download/1AGF.cif,A,276,1
1P3U,cached_selected,data/raw/pdb_cache/1P3U.cif,https://files.rcsb.org/download/1P3U.cif,A,199,1
1YZF,cached_selected,data/raw/pdb_cache/1YZF.cif,https://files.rcsb.org/download/1YZF.cif,A,195,1
1RPY,cached_selected,data/raw/pdb_cache/1RPY.cif,https://files.rcsb.org/download/1RPY.cif,B,86,1
1E25,cached_selected,data/raw/pdb_cache/1E25.cif,https://files.rcsb.org/download/1E25.cif,A,278,1
1F1J,cached_selected,data/raw/pdb_cache/1F1J.cif,https://files.rcsb.org/download/1F1J.cif,B,231,1
1HSW,cached_selected,data/raw/pdb_cache/1HSW.cif,https://files.rcsb.org/download/1HSW.cif,A,129,1
1ETE,cached_selected,data/raw/pdb_cache/1ETE.cif,https://files.rcsb.org/download/1ETE.cif,A,134,1
1LM4,cached_selected,data/raw/pdb_cache/1LM4.cif,https://files.rcsb.org/download/1LM4.cif,A,190,1
1EB7,cached_selected,data/raw/pdb_cache/1EB7.cif,https://files.rcsb.org/download/1EB7.cif,A,318,1
1MGQ,cached_selected,data/raw/pdb_cache/1MGQ.cif,https://files.rcsb.org/download/1MGQ.cif,A,74,1
1XZN,cached_selected,data/raw/pdb_cache/1XZN.cif,https://files.rcsb.org/download/1XZN.cif,A,161,1
1CD0,cached_selected,data/raw/pdb_cache/1CD0.cif,https://files.rcsb.org/download/1CD0.cif,A,111,1
1PPK,cached_selected,data/raw/pdb_cache/1PPK.cif,https://files.rcsb.org/download/1PPK.cif,E,323,1
1WY1,cached_selected,data/raw/pdb_cache/1WY1.cif,https://files.rcsb.org/download/1WY1.cif,B,143,1
1NWG,cached_selected,data/raw/pdb_cache/1NWG.cif,https://files.rcsb.org/download/1NWG.cif,B,272,1
1R0Q,cached_selected,data/raw/pdb_cache/1R0Q.cif,https://files.rcsb.org/download/1R0Q.cif,A,130,1
1C24,cached_selected,data/raw/pdb_cache/1C24.cif,https://files.rcsb.org/download/1C24.cif,A,263,1
1G6H,cached_selected,data/raw/pdb_cache/1G6H.cif,https://files.rcsb.org/download/1G6H.cif,A,254,1
1OO6,cached_selected,data/raw/pdb_cache/1OO6.cif,https://files.rcsb.org/download/1OO6.cif,A,217,1
1Y94,cached_selected,data/raw/pdb_cache/1Y94.cif,https://files.rcsb.org/download/1Y94.cif,A,124,1
1CIZ,cached_selected,data/raw/pdb_cache/1CIZ.cif,https://files.rcsb.org/download/1CIZ.cif,A,171,1
1QNQ,cached_selected,data/raw/pdb_cache/1QNQ.cif,https://files.rcsb.org/download/1QNQ.cif,A,344,1
1GS4,cached_selected,data/raw/pdb_cache/1GS4.cif,https://files.rcsb.org/download/1GS4.cif,A,244,1
1AY6,cached_selected,data/raw/pdb_cache/1AY6.cif,https://files.rcsb.org/download/1AY6.cif,H,253,1
1CT0,cached_selected,data/raw/pdb_cache/1CT0.cif,https://files.rcsb.org/download/1CT0.cif,E,185,1
1V05,cached_selected,data/raw/pdb_cache/1V05.cif,https://files.rcsb.org/download/1V05.cif,A,96,1
1XER,cached_selected,data/raw/pdb_cache/1XER.cif,https://files.rcsb.org/download/1XER.cif,A,103,1
1KGP,cached_selected,data/raw/pdb_cache/1KGP.cif,https://files.rcsb.org/download/1KGP.cif,A,296,1
1HX3,cached_selected,data/raw/pdb_cache/1HX3.cif,https://files.rcsb.org/download/1HX3.cif,B,180,1
1DKE,cached_selected,data/raw/pdb_cache/1DKE.cif,https://files.rcsb.org/download/1DKE.cif,B,146,1
1LHD,cached_selected,data/raw/pdb_cache/1LHD.cif,https://files.rcsb.org/download/1LHD.cif,H,249,1
1W68,cached_selected,data/raw/pdb_cache/1W68.cif,https://files.rcsb.org/download/1W68.cif,A,281,1
2AU9,cached_selected,data/raw/pdb_cache/2AU9.cif,https://files.rcsb.org/download/2AU9.cif,A,175,1
1VQ2,cached_selected,data/raw/pdb_cache/1VQ2.cif,https://files.rcsb.org/download/1VQ2.cif,A,173,1
1TD1,cached_selected,data/raw/pdb_cache/1TD1.cif,https://files.rcsb.org/download/1TD1.cif,C,285,1
1OBF,cached_selected,data/raw/pdb_cache/1OBF.cif,https://files.rcsb.org/download/1OBF.cif,O,335,1
1T1N,cached_selected,data/raw/pdb_cache/1T1N.cif,https://files.rcsb.org/download/1T1N.cif,B,146,1
1ALL,cached_selected,data/raw/pdb_cache/1ALL.cif,https://files.rcsb.org/download/1ALL.cif,B,161,1
1I8V,cached_selected,data/raw/pdb_cache/1I8V.cif,https://files.rcsb.org/download/1I8V.cif,A,96,1
1K6Y,cached_selected,data/raw/pdb_cache/1K6Y.cif,https://files.rcsb.org/download/1K6Y.cif,B,194,1
1RAE,cached_selected,data/raw/pdb_cache/1RAE.cif,https://files.rcsb.org/download/1RAE.cif,A,310,1
1U11,cached_selected,data/raw/pdb_cache/1U11.cif,https://files.rcsb.org/download/1U11.cif,B,163,1
1HXL,cached_selected,data/raw/pdb_cache/1HXL.cif,https://files.rcsb.org/download/1HXL.cif,A,119,1
2AZY,cached_selected,data/raw/pdb_cache/2AZY.cif,https://files.rcsb.org/download/2AZY.cif,A,125,1
1E64,cached_selected,data/raw/pdb_cache/1E64.cif,https://files.rcsb.org/download/1E64.cif,A,295,1
1OS9,cached_selected,data/raw/pdb_cache/1OS9.cif,https://files.rcsb.org/download/1OS9.cif,A,168,1
1M2I,cached_selected,data/raw/pdb_cache/1M2I.cif,https://files.rcsb.org/download/1M2I.cif,A,82,1
1THT,cached_selected,data/raw/pdb_cache/1THT.cif,https://files.rcsb.org/download/1THT.cif,A,294,1
1LM6,cached_selected,data/raw/pdb_cache/1LM6.cif,https://files.rcsb.org/download/1LM6.cif,A,191,1
1I0X,cached_selected,data/raw/pdb_cache/1I0X.cif,https://files.rcsb.org/download/1I0X.cif,B,106,1
1FPO,cached_selected,data/raw/pdb_cache/1FPO.cif,https://files.rcsb.org/download/1FPO.cif,A,171,1
211L,cached_selected,data/raw/pdb_cache/211L.cif,https://files.rcsb.org/download/211L.cif,A,163,1
2BDV,cached_selected,data/raw/pdb_cache/2BDV.cif,https://files.rcsb.org/download/2BDV.cif,A,213,1
1GHR,cached_selected,data/raw/pdb_cache/1GHR.cif,https://files.rcsb.org/download/1GHR.cif,A,306,1
1GM4,cached_selected,data/raw/pdb_cache/1GM4.cif,https://files.rcsb.org/download/1GM4.cif,A,107,1
1YQF,cached_selected,data/raw/pdb_cache/1YQF.cif,https://files.rcsb.org/download/1YQF.cif,A,182,1
1QCD,cached_selected,data/raw/pdb_cache/1QCD.cif,https://files.rcsb.org/download/1QCD.cif,A,236,1
1TP3,cached_selected,data/raw/pdb_cache/1TP3.cif,https://files.rcsb.org/download/1TP3.cif,A,115,1
1IDT,cached_selected,data/raw/pdb_cache/1IDT.cif,https://files.rcsb.org/download/1IDT.cif,A,217,1
1FXR,cached_selected,data/raw/pdb_cache/1FXR.cif,https://files.rcsb.org/download/1FXR.cif,A,64,1
1XAJ,cached_selected,data/raw/pdb_cache/1XAJ.cif,https://files.rcsb.org/download/1XAJ.cif,A,337,1
1CWO,cached_selected,data/raw/pdb_cache/1CWO.cif,https://files.rcsb.org/download/1CWO.cif,A,165,1
1Q8R,cached_selected,data/raw/pdb_cache/1Q8R.cif,https://files.rcsb.org/download/1Q8R.cif,A,118,1
1I5N,cached_selected,data/raw/pdb_cache/1I5N.cif,https://files.rcsb.org/download/1I5N.cif,D,129,1
1EY9,cached_selected,data/raw/pdb_cache/1EY9.cif,https://files.rcsb.org/download/1EY9.cif,A,135,1
1CEX,cached_selected,data/raw/pdb_cache/1CEX.cif,https://files.rcsb.org/download/1CEX.cif,A,197,1
1VZT,cached_selected,data/raw/pdb_cache/1VZT.cif,https://files.rcsb.org/download/1VZT.cif,A,287,1
1NPN,cached_selected,data/raw/pdb_cache/1NPN.cif,https://files.rcsb.org/download/1NPN.cif,A,336,1
1S2D,cached_selected,data/raw/pdb_cache/1S2D.cif,https://files.rcsb.org/download/1S2D.cif,B,167,1
1DIA,cached_selected,data/raw/pdb_cache/1DIA.cif,https://files.rcsb.org/download/1DIA.cif,B,295,1
1O9Z,cached_selected,data/raw/pdb_cache/1O9Z.cif,https://files.rcsb.org/download/1O9Z.cif,A,170,1
1O32,cached_selected,data/raw/pdb_cache/1O32.cif,https://files.rcsb.org/download/1O32.cif,A,224,1
1BD4,cached_selected,data/raw/pdb_cache/1BD4.cif,https://files.rcsb.org/download/1BD4.cif,D,224,1
1M2P,cached_selected,data/raw/pdb_cache/1M2P.cif,https://files.rcsb.org/download/1M2P.cif,A,325,1
1NTY,cached_selected,data/raw/pdb_cache/1NTY.cif,https://files.rcsb.org/download/1NTY.cif,A,305,1
1MD4,cached_selected,data/raw/pdb_cache/1MD4.cif,https://files.rcsb.org/download/1MD4.cif,A,208,1
1LUG,cached_selected,data/raw/pdb_cache/1LUG.cif,https://files.rcsb.org/download/1LUG.cif,A,259,1
1DDJ,cached_selected,data/raw/pdb_cache/1DDJ.cif,https://files.rcsb.org/download/1DDJ.cif,A,247,1
1Y7Z,cached_selected,data/raw/pdb_cache/1Y7Z.cif,https://files.rcsb.org/download/1Y7Z.cif,B,146,1
2B2C,cached_selected,data/raw/pdb_cache/2B2C.cif,https://files.rcsb.org/download/2B2C.cif,A,276,1
1PPL,cached_selected,data/raw/pdb_cache/1PPL.cif,https://files.rcsb.org/download/1PPL.cif,E,324,1
1KQ9,cached_selected,data/raw/pdb_cache/1KQ9.cif,https://files.rcsb.org/download/1KQ9.cif,A,350,1
1W28,cached_selected,data/raw/pdb_cache/1W28.cif,https://files.rcsb.org/download/1W28.cif,A,272,1
1SQL,cached_selected,data/raw/pdb_cache/1SQL.cif,https://files.rcsb.org/download/1SQL.cif,J,123,1
1V48,cached_selected,data/raw/pdb_cache/1V48.cif,https://files.rcsb.org/download/1V48.cif,A,261,1
1IOZ,cached_selected,data/raw/pdb_cache/1IOZ.cif,https://files.rcsb.org/download/1IOZ.cif,A,162,1
1HFQ,cached_selected,data/raw/pdb_cache/1HFQ.cif,https://files.rcsb.org/download/1HFQ.cif,A,187,1
1GFI,cached_selected,data/raw/pdb_cache/1GFI.cif,https://files.rcsb.org/download/1GFI.cif,A,313,1
1VRN,cached_selected,data/raw/pdb_cache/1VRN.cif,https://files.rcsb.org/download/1VRN.cif,C,332,1
1GS6,cached_selected,data/raw/pdb_cache/1GS6.cif,https://files.rcsb.org/download/1GS6.cif,X,336,1
1WM3,cached_selected,data/raw/pdb_cache/1WM3.cif,https://files.rcsb.org/download/1WM3.cif,A,72,1
1V4E,cached_selected,data/raw/pdb_cache/1V4E.cif,https://files.rcsb.org/download/1V4E.cif,A,280,1
1RRO,cached_selected,data/raw/pdb_cache/1RRO.cif,https://files.rcsb.org/download/1RRO.cif,A,112,1
1VPT,cached_selected,data/raw/pdb_cache/1VPT.cif,https://files.rcsb.org/download/1VPT.cif,A,292,1
1QAM,cached_selected,data/raw/pdb_cache/1QAM.cif,https://files.rcsb.org/download/1QAM.cif,A,235,1
1G4S,cached_selected,data/raw/pdb_cache/1G4S.cif,https://files.rcsb.org/download/1G4S.cif,A,226,1
1HD5,cached_selected,data/raw/pdb_cache/1HD5.cif,https://files.rcsb.org/download/1HD5.cif,A,205,1
2A38,cached_selected,data/raw/pdb_cache/2A38.cif,https://files.rcsb.org/download/2A38.cif,A,194,1
1WNY,cached_selected,data/raw/pdb_cache/1WNY.cif,https://files.rcsb.org/download/1WNY.cif,A,180,1
1IJ8,cached_selected,data/raw/pdb_cache/1IJ8.cif,https://files.rcsb.org/download/1IJ8.cif,B,119,1
1M45,cached_selected,data/raw/pdb_cache/1M45.cif,https://files.rcsb.org/download/1M45.cif,A,142,1
1S1P,cached_selected,data/raw/pdb_cache/1S1P.cif,https://files.rcsb.org/download/1S1P.cif,A,315,1
1HCA,cached_selected,data/raw/pdb_cache/1HCA.cif,https://files.rcsb.org/download/1HCA.cif,A,255,1
1JT2,cached_selected,data/raw/pdb_cache/1JT2.cif,https://files.rcsb.org/download/1JT2.cif,A,255,1
1QGW,cached_selected,data/raw/pdb_cache/1QGW.cif,https://files.rcsb.org/download/1QGW.cif,D,177,1
1GOC,cached_selected,data/raw/pdb_cache/1GOC.cif,https://files.rcsb.org/download/1GOC.cif,A,156,1
1QO2,cached_selected,data/raw/pdb_cache/1QO2.cif,https://files.rcsb.org/download/1QO2.cif,A,241,1
1QCI,cached_selected,data/raw/pdb_cache/1QCI.cif,https://files.rcsb.org/download/1QCI.cif,A,262,1
1I9D,cached_selected,data/raw/pdb_cache/1I9D.cif,https://files.rcsb.org/download/1I9D.cif,A,138,1
1SO6,cached_selected,data/raw/pdb_cache/1SO6.cif,https://files.rcsb.org/download/1SO6.cif,A,215,1
1YRV,cached_selected,data/raw/pdb_cache/1YRV.cif,https://files.rcsb.org/download/1YRV.cif,A,153,1
2B4L,cached_selected,data/raw/pdb_cache/2B4L.cif,https://files.rcsb.org/download/2B4L.cif,A,269,1
1NKR,cached_selected,data/raw/pdb_cache/1NKR.cif,https://files.rcsb.org/download/1NKR.cif,A,195,1
1DUY,cached_selected,data/raw/pdb_cache/1DUY.cif,https://files.rcsb.org/download/1DUY.cif,A,275,1
1F3D,cached_selected,data/raw/pdb_cache/1F3D.cif,https://files.rcsb.org/download/1F3D.cif,L,218,1
1ZIP,cached_selected,data/raw/pdb_cache/1ZIP.cif,https://files.rcsb.org/download/1ZIP.cif,A,217,1
1JN3,cached_selected,data/raw/pdb_cache/1JN3.cif,https://files.rcsb.org/download/1JN3.cif,A,242,1
1SN8,cached_selected,data/raw/pdb_cache/1SN8.cif,https://files.rcsb.org/download/1SN8.cif,A,87,1
2BEZ,cached_selected,data/raw/pdb_cache/2BEZ.cif,https://files.rcsb.org/download/2BEZ.cif,C,77,1
1KP4,cached_selected,data/raw/pdb_cache/1KP4.cif,https://files.rcsb.org/download/1KP4.cif,A,123,1
1ZVT,cached_selected,data/raw/pdb_cache/1ZVT.cif,https://files.rcsb.org/download/1ZVT.cif,B,246,1
1XEF,cached_selected,data/raw/pdb_cache/1XEF.cif,https://files.rcsb.org/download/1XEF.cif,A,241,1
1Z5P,cached_selected,data/raw/pdb_cache/1Z5P.cif,https://files.rcsb.org/download/1Z5P.cif,A,232,1
1OK3,cached_selected,data/raw/pdb_cache/1OK3.cif,https://files.rcsb.org/download/1OK3.cif,A,254,1
1Q3A,cached_selected,data/raw/pdb_cache/1Q3A.cif,https://files.rcsb.org/download/1Q3A.cif,B,163,1
1HG5,cached_selected,data/raw/pdb_cache/1HG5.cif,https://files.rcsb.org/download/1HG5.cif,A,263,1
1NWZ,cached_selected,data/raw/pdb_cache/1NWZ.cif,https://files.rcsb.org/download/1NWZ.cif,A,125,1
1QBZ,cached_selected,data/raw/pdb_cache/1QBZ.cif,https://files.rcsb.org/download/1QBZ.cif,C,120,1
1QJ7,cached_selected,data/raw/pdb_cache/1QJ7.cif,https://files.rcsb.org/download/1QJ7.cif,B,259,1
1N06,cached_selected,data/raw/pdb_cache/1N06.cif,https://files.rcsb.org/download/1N06.cif,B,155,1
1ZSY,cached_selected,data/raw/pdb_cache/1ZSY.cif,https://files.rcsb.org/download/1ZSY.cif,A,347,1
1EC3,cached_selected,data/raw/pdb_cache/1EC3.cif,https://files.rcsb.org/download/1EC3.cif,A,99,1
1ZJ7,cached_selected,data/raw/pdb_cache/1ZJ7.cif,https://files.rcsb.org/download/1ZJ7.cif,A,100,1
1CCS,cached_selected,data/raw/pdb_cache/1CCS.cif,https://files.rcsb.org/download/1CCS.cif,A,255,1
1GYU,cached_selected,data/raw/pdb_cache/1GYU.cif,https://files.rcsb.org/download/1GYU.cif,A,120,1
2BSX,cached_selected,data/raw/pdb_cache/2BSX.cif,https://files.rcsb.org/download/2BSX.cif,A,241,1
1GE6,cached_selected,data/raw/pdb_cache/1GE6.cif,https://files.rcsb.org/download/1GE6.cif,A,163,1
1HQG,cached_selected,data/raw/pdb_cache/1HQG.cif,https://files.rcsb.org/download/1HQG.cif,A,315,1
1U9P,cached_selected,data/raw/pdb_cache/1U9P.cif,https://files.rcsb.org/download/1U9P.cif,A,96,1
1L46,cached_selected,data/raw/pdb_cache/1L46.cif,https://files.rcsb.org/download/1L46.cif,A,164,1
1AJZ,cached_selected,data/raw/pdb_cache/1AJZ.cif,https://files.rcsb.org/download/1AJZ.cif,A,282,1
1Z84,cached_selected,data/raw/pdb_cache/1Z84.cif,https://files.rcsb.org/download/1Z84.cif,A,311,1
1RC5,cached_selected,data/raw/pdb_cache/1RC5.cif,https://files.rcsb.org/download/1RC5.cif,B,149,1
128L,cached_selected,data/raw/pdb_cache/128L.cif,https://files.rcsb.org/download/128L.cif,A,162,1
2B02,cached_selected,data/raw/pdb_cache/2B02.cif,https://files.rcsb.org/download/2B02.cif,A,111,1
1D2S,cached_selected,data/raw/pdb_cache/1D2S.cif,https://files.rcsb.org/download/1D2S.cif,A,172,1
1MSC,cached_selected,data/raw/pdb_cache/1MSC.cif,https://files.rcsb.org/download/1MSC.cif,A,129,1
1FRD,cached_selected,data/raw/pdb_cache/1FRD.cif,https://files.rcsb.org/download/1FRD.cif,A,98,1
1DAG,cached_selected,data/raw/pdb_cache/1DAG.cif,https://files.rcsb.org/download/1DAG.cif,A,224,1
1PX2,cached_selected,data/raw/pdb_cache/1PX2.cif,https://files.rcsb.org/download/1PX2.cif,A,295,1
1T4O,cached_selected,data/raw/pdb_cache/1T4O.cif,https://files.rcsb.org/download/1T4O.cif,B,88,1
1R2K,cached_selected,data/raw/pdb_cache/1R2K.cif,https://files.rcsb.org/download/1R2K.cif,B,168,1
1VS1,cached_selected,data/raw/pdb_cache/1VS1.cif,https://files.rcsb.org/download/1VS1.cif,D,271,1
1G0X,cached_selected,data/raw/pdb_cache/1G0X.cif,https://files.rcsb.org/download/1G0X.cif,A,192,1
1TO5,cached_selected,data/raw/pdb_cache/1TO5.cif,https://files.rcsb.org/download/1TO5.cif,A,156,1
2ANE,cached_selected,data/raw/pdb_cache/2ANE.cif,https://files.rcsb.org/download/2ANE.cif,A,110,1
1Z78,cached_selected,data/raw/pdb_cache/1Z78.cif,https://files.rcsb.org/download/1Z78.cif,A,206,1
1SB1,cached_selected,data/raw/pdb_cache/1SB1.cif,https://files.rcsb.org/download/1SB1.cif,H,250,1
1TCU,cached_selected,data/raw/pdb_cache/1TCU.cif,https://files.rcsb.org/download/1TCU.cif,C,285,1
1K2E,cached_selected,data/raw/pdb_cache/1K2E.cif,https://files.rcsb.org/download/1K2E.cif,A,152,1
1QXH,cached_selected,data/raw/pdb_cache/1QXH.cif,https://files.rcsb.org/download/1QXH.cif,A,164,1
1E3V,cached_selected,data/raw/pdb_cache/1E3V.cif,https://files.rcsb.org/download/1E3V.cif,B,129,1
1NPW,cached_selected,data/raw/pdb_cache/1NPW.cif,https://files.rcsb.org/download/1NPW.cif,A,99,1
1BV4,cached_selected,data/raw/pdb_cache/1BV4.cif,https://files.rcsb.org/download/1BV4.cif,A,112,1
1G0A,cached_selected,data/raw/pdb_cache/1G0A.cif,https://files.rcsb.org/download/1G0A.cif,B,145,1
1UAM,cached_selected,data/raw/pdb_cache/1UAM.cif,https://files.rcsb.org/download/1UAM.cif,A,251,1
1HOS,cached_selected,data/raw/pdb_cache/1HOS.cif,https://files.rcsb.org/download/1HOS.cif,A,99,1
1OQJ,cached_selected,data/raw/pdb_cache/1OQJ.cif,https://files.rcsb.org/download/1OQJ.cif,A,90,1
1MYM,cached_selected,data/raw/pdb_cache/1MYM.cif,https://files.rcsb.org/download/1MYM.cif,A,154,1
1PS6,cached_selected,data/raw/pdb_cache/1PS6.cif,https://files.rcsb.org/download/1PS6.cif,A,329,1
1YET,cached_selected,data/raw/pdb_cache/1YET.cif,https://files.rcsb.org/download/1YET.cif,A,213,1
1P2F,cached_selected,data/raw/pdb_cache/1P2F.cif,https://files.rcsb.org/download/1P2F.cif,A,217,1
1ZDP,cached_selected,data/raw/pdb_cache/1ZDP.cif,https://files.rcsb.org/download/1ZDP.cif,E,320,1
1EH7,cached_selected,data/raw/pdb_cache/1EH7.cif,https://files.rcsb.org/download/1EH7.cif,A,162,1
1YHF,cached_selected,data/raw/pdb_cache/1YHF.cif,https://files.rcsb.org/download/1YHF.cif,A,114,1
1BRQ,cached_selected,data/raw/pdb_cache/1BRQ.cif,https://files.rcsb.org/download/1BRQ.cif,A,174,1
1UOM,cached_selected,data/raw/pdb_cache/1UOM.cif,https://files.rcsb.org/download/1UOM.cif,A,231,1
1NFP,cached_selected,data/raw/pdb_cache/1NFP.cif,https://files.rcsb.org/download/1NFP.cif,A,228,1
13SJ,cached_selected,data/raw/pdb_cache/13SJ.cif,https://files.rcsb.org/download/13SJ.cif,A,69,1
1PQE,cached_selected,data/raw/pdb_cache/1PQE.cif,https://files.rcsb.org/download/1PQE.cif,A,117,1
1VA0,cached_selected,data/raw/pdb_cache/1VA0.cif,https://files.rcsb.org/download/1VA0.cif,B,227,1
1N07,cached_selected,data/raw/pdb_cache/1N07.cif,https://files.rcsb.org/download/1N07.cif,B,155,1
1FX9,cached_selected,data/raw/pdb_cache/1FX9.cif,https://files.rcsb.org/download/1FX9.cif,A,125,1
1V39,cached_selected,data/raw/pdb_cache/1V39.cif,https://files.rcsb.org/download/1V39.cif,A,292,1
2AJP,cached_selected,data/raw/pdb_cache/2AJP.cif,https://files.rcsb.org/download/2AJP.cif,A,303,1
1A0Z,cached_selected,data/raw/pdb_cache/1A0Z.cif,https://files.rcsb.org/download/1A0Z.cif,B,146,1
1NEG,cached_selected,data/raw/pdb_cache/1NEG.cif,https://files.rcsb.org/download/1NEG.cif,A,65,1
2A1X,cached_selected,data/raw/pdb_cache/2A1X.cif,https://files.rcsb.org/download/2A1X.cif,A,253,1
1CN3,cached_selected,data/raw/pdb_cache/1CN3.cif,https://files.rcsb.org/download/1CN3.cif,A,283,1
1CS8,cached_selected,data/raw/pdb_cache/1CS8.cif,https://files.rcsb.org/download/1CS8.cif,A,316,1
1NX1,cached_selected,data/raw/pdb_cache/1NX1.cif,https://files.rcsb.org/download/1NX1.cif,A,177,1
1Z89,cached_selected,data/raw/pdb_cache/1Z89.cif,https://files.rcsb.org/download/1Z89.cif,A,316,1
1ZDG,cached_selected,data/raw/pdb_cache/1ZDG.cif,https://files.rcsb.org/download/1ZDG.cif,A,258,1
1FQL,cached_selected,data/raw/pdb_cache/1FQL.cif,https://files.rcsb.org/download/1FQL.cif,A,256,1
1OQM,cached_selected,data/raw/pdb_cache/1OQM.cif,https://files.rcsb.org/download/1OQM.cif,B,272,1
1AA4,cached_selected,data/raw/pdb_cache/1AA4.cif,https://files.rcsb.org/download/1AA4.cif,A,291,1
1X08,cached_selected,data/raw/pdb_cache/1X08.cif,https://files.rcsb.org/download/1X08.cif,A,228,1
1SCD,cached_selected,data/raw/pdb_cache/1SCD.cif,https://files.rcsb.org/download/1SCD.cif,A,276,1
1T75,cached_selected,data/raw/pdb_cache/1T75.cif,https://files.rcsb.org/download/1T75.cif,A,214,1
1H1H,cached_selected,data/raw/pdb_cache/1H1H.cif,https://files.rcsb.org/download/1H1H.cif,A,134,1
1BB4,cached_selected,data/raw/pdb_cache/1BB4.cif,https://files.rcsb.org/download/1BB4.cif,A,130,1
1NZE,cached_selected,data/raw/pdb_cache/1NZE.cif,https://files.rcsb.org/download/1NZE.cif,A,112,1
1OGQ,cached_selected,data/raw/pdb_cache/1OGQ.cif,https://files.rcsb.org/download/1OGQ.cif,A,313,1
2AHK,cached_selected,data/raw/pdb_cache/2AHK.cif,https://files.rcsb.org/download/2AHK.cif,A,273,1
2B1A,cached_selected,data/raw/pdb_cache/2B1A.cif,https://files.rcsb.org/download/2B1A.cif,H,226,1
1R8Q,cached_selected,data/raw/pdb_cache/1R8Q.cif,https://files.rcsb.org/download/1R8Q.cif,F,194,1
1VHL,cached_selected,data/raw/pdb_cache/1VHL.cif,https://files.rcsb.org/download/1VHL.cif,A,208,1
1XEJ,cached_selected,data/raw/pdb_cache/1XEJ.cif,https://files.rcsb.org/download/1XEJ.cif,A,129,1
1PLQ,cached_selected,data/raw/pdb_cache/1PLQ.cif,https://files.rcsb.org/download/1PLQ.cif,A,258,1
1KTZ,cached_selected,data/raw/pdb_cache/1KTZ.cif,https://files.rcsb.org/download/1KTZ.cif,B,106,1
1C3J,cached_selected,data/raw/pdb_cache/1C3J.cif,https://files.rcsb.org/download/1C3J.cif,A,333,1
1B4T,cached_selected,data/raw/pdb_cache/1B4T.cif,https://files.rcsb.org/download/1B4T.cif,A,153,1
1PWG,cached_selected,data/raw/pdb_cache/1PWG.cif,https://files.rcsb.org/download/1PWG.cif,A,345,1
2B2T,cached_selected,data/raw/pdb_cache/2B2T.cif,https://files.rcsb.org/download/2B2T.cif,A,176,1
1IZ5,cached_selected,data/raw/pdb_cache/1IZ5.cif,https://files.rcsb.org/download/1IZ5.cif,A,240,1
2B0C,cached_selected,data/raw/pdb_cache/2B0C.cif,https://files.rcsb.org/download/2B0C.cif,A,199,1
1Q05,cached_selected,data/raw/pdb_cache/1Q05.cif,https://files.rcsb.org/download/1Q05.cif,B,127,1
1SC0,cached_selected,data/raw/pdb_cache/1SC0.cif,https://files.rcsb.org/download/1SC0.cif,A,137,1
1YV7,cached_selected,data/raw/pdb_cache/1YV7.cif,https://files.rcsb.org/download/1YV7.cif,A,102,1
1JTK,cached_selected,data/raw/pdb_cache/1JTK.cif,https://files.rcsb.org/download/1JTK.cif,A,131,1
1NA0,cached_selected,data/raw/pdb_cache/1NA0.cif,https://files.rcsb.org/download/1NA0.cif,A,119,1
1IX9,cached_selected,data/raw/pdb_cache/1IX9.cif,https://files.rcsb.org/download/1IX9.cif,A,205,1
1YDM,cached_selected,data/raw/pdb_cache/1YDM.cif,https://files.rcsb.org/download/1YDM.cif,B,182,1
1QS4,cached_selected,data/raw/pdb_cache/1QS4.cif,https://files.rcsb.org/download/1QS4.cif,B,152,1
1IXN,cached_selected,data/raw/pdb_cache/1IXN.cif,https://files.rcsb.org/download/1IXN.cif,A,242,1
2AQI,cached_selected,data/raw/pdb_cache/2AQI.cif,https://files.rcsb.org/download/2AQI.cif,A,268,1
1ZZ8,cached_selected,data/raw/pdb_cache/1ZZ8.cif,https://files.rcsb.org/download/1ZZ8.cif,B,193,1
1A77,cached_selected,data/raw/pdb_cache/1A77.cif,https://files.rcsb.org/download/1A77.cif,A,315,1
1G6W,cached_selected,data/raw/pdb_cache/1G6W.cif,https://files.rcsb.org/download/1G6W.cif,D,259,1
2BQB,cached_selected,data/raw/pdb_cache/2BQB.cif,https://files.rcsb.org/download/2BQB.cif,A,130,1
1JZG,cached_selected,data/raw/pdb_cache/1JZG.cif,https://files.rcsb.org/download/1JZG.cif,A,128,1
1K4N,cached_selected,data/raw/pdb_cache/1K4N.cif,https://files.rcsb.org/download/1K4N.cif,A,183,1
1DCC,cached_selected,data/raw/pdb_cache/1DCC.cif,https://files.rcsb.org/download/1DCC.cif,A,291,1
1VLS,cached_selected,data/raw/pdb_cache/1VLS.cif,https://files.rcsb.org/download/1VLS.cif,A,146,1
1A6K,cached_selected,data/raw/pdb_cache/1A6K.cif,https://files.rcsb.org/download/1A6K.cif,A,151,1
1HH8,cached_selected,data/raw/pdb_cache/1HH8.cif,https://files.rcsb.org/download/1HH8.cif,A,193,1
2BIV,cached_selected,data/raw/pdb_cache/2BIV.cif,https://files.rcsb.org/download/2BIV.cif,A,212,1
1GT1,cached_selected,data/raw/pdb_cache/1GT1.cif,https://files.rcsb.org/download/1GT1.cif,A,158,1
1YS0,cached_selected,data/raw/pdb_cache/1YS0.cif,https://files.rcsb.org/download/1YS0.cif,A,171,1
1M3S,cached_selected,data/raw/pdb_cache/1M3S.cif,https://files.rcsb.org/download/1M3S.cif,B,183,1
1OQ1,cached_selected,data/raw/pdb_cache/1OQ1.cif,https://files.rcsb.org/download/1OQ1.cif,A,223,1
13RJ,cached_selected,data/raw/pdb_cache/13RJ.cif,https://files.rcsb.org/download/13RJ.cif,B,169,1
1YEI,cached_selected,data/raw/pdb_cache/1YEI.cif,https://files.rcsb.org/download/1YEI.cif,H,222,1
2BH8,cached_selected,data/raw/pdb_cache/2BH8.cif,https://files.rcsb.org/download/2BH8.cif,B,86,1
1V0P,cached_selected,data/raw/pdb_cache/1V0P.cif,https://files.rcsb.org/download/1V0P.cif,A,277,1
1QY6,cached_selected,data/raw/pdb_cache/1QY6.cif,https://files.rcsb.org/download/1QY6.cif,A,216,1
2B07,cached_selected,data/raw/pdb_cache/2B07.cif,https://files.rcsb.org/download/2B07.cif,A,297,1
1HDU,cached_selected,data/raw/pdb_cache/1HDU.cif,https://files.rcsb.org/download/1HDU.cif,A,308,1
1PZI,cached_selected,data/raw/pdb_cache/1PZI.cif,https://files.rcsb.org/download/1PZI.cif,D,103,1
1VP8,cached_selected,data/raw/pdb_cache/1VP8.cif,https://files.rcsb.org/download/1VP8.cif,A,190,1
1OMR,cached_selected,data/raw/pdb_cache/1OMR.cif,https://files.rcsb.org/download/1OMR.cif,A,202,1
1FYN,cached_selected,data/raw/pdb_cache/1FYN.cif,https://files.rcsb.org/download/1FYN.cif,A,62,1
1XYG,cached_selected,data/raw/pdb_cache/1XYG.cif,https://files.rcsb.org/download/1XYG.cif,A,345,1
1EAI,cached_selected,data/raw/pdb_cache/1EAI.cif,https://files.rcsb.org/download/1EAI.cif,A,240,1
1LOA,cached_selected,data/raw/pdb_cache/1LOA.cif,https://files.rcsb.org/download/1LOA.cif,A,181,1
1TJM,cached_selected,data/raw/pdb_cache/1TJM.cif,https://files.rcsb.org/download/1TJM.cif,A,156,1
1QYD,cached_selected,data/raw/pdb_cache/1QYD.cif,https://files.rcsb.org/download/1QYD.cif,A,312,1
1J52,cached_selected,data/raw/pdb_cache/1J52.cif,https://files.rcsb.org/download/1J52.cif,A,154,1
1NVM,cached_selected,data/raw/pdb_cache/1NVM.cif,https://files.rcsb.org/download/1NVM.cif,A,340,1
1NNX,cached_selected,data/raw/pdb_cache/1NNX.cif,https://files.rcsb.org/download/1NNX.cif,A,93,1
1KOK,cached_selected,data/raw/pdb_cache/1KOK.cif,https://files.rcsb.org/download/1KOK.cif,A,294,1
1G9Q,cached_selected,data/raw/pdb_cache/1G9Q.cif,https://files.rcsb.org/download/1G9Q.cif,A,205,1
1KXF,cached_selected,data/raw/pdb_cache/1KXF.cif,https://files.rcsb.org/download/1KXF.cif,A,159,1
1CBF,cached_selected,data/raw/pdb_cache/1CBF.cif,https://files.rcsb.org/download/1CBF.cif,A,240,1
1WNA,cached_selected,data/raw/pdb_cache/1WNA.cif,https://files.rcsb.org/download/1WNA.cif,A,127,1
1YXT,cached_selected,data/raw/pdb_cache/1YXT.cif,https://files.rcsb.org/download/1YXT.cif,A,274,1
1WJ9,cached_selected,data/raw/pdb_cache/1WJ9.cif,https://files.rcsb.org/download/1WJ9.cif,A,188,1
1CQN,cached_selected,data/raw/pdb_cache/1CQN.cif,https://files.rcsb.org/download/1CQN.cif,A,98,1
1YPE,cached_selected,data/raw/pdb_cache/1YPE.cif,https://files.rcsb.org/download/1YPE.cif,H,250,1
1R6D,cached_selected,data/raw/pdb_cache/1R6D.cif,https://files.rcsb.org/download/1R6D.cif,A,322,1
1P32,cached_selected,data/raw/pdb_cache/1P32.cif,https://files.rcsb.org/download/1P32.cif,A,182,1
1CR4,cached_selected,data/raw/pdb_cache/1CR4.cif,https://files.rcsb.org/download/1CR4.cif,A,243,1
1WLZ,cached_selected,data/raw/pdb_cache/1WLZ.cif,https://files.rcsb.org/download/1WLZ.cif,A,85,1
1YTO,cached_selected,data/raw/pdb_cache/1YTO.cif,https://files.rcsb.org/download/1YTO.cif,B,141,1
1W70,cached_selected,data/raw/pdb_cache/1W70.cif,https://files.rcsb.org/download/1W70.cif,A,60,1
1VH2,cached_selected,data/raw/pdb_cache/1VH2.cif,https://files.rcsb.org/download/1VH2.cif,A,152,1
1RKD,cached_selected,data/raw/pdb_cache/1RKD.cif,https://files.rcsb.org/download/1RKD.cif,A,306,1
1WAA,cached_selected,data/raw/pdb_cache/1WAA.cif,https://files.rcsb.org/download/1WAA.cif,C,93,1
1SFI,cached_selected,data/raw/pdb_cache/1SFI.cif,https://files.rcsb.org/download/1SFI.cif,A,224,1
1YJ6,cached_selected,data/raw/pdb_cache/1YJ6.cif,https://files.rcsb.org/download/1YJ6.cif,A,217,1
1TP5,cached_selected,data/raw/pdb_cache/1TP5.cif,https://files.rcsb.org/download/1TP5.cif,A,115,1
1UK9,cached_selected,data/raw/pdb_cache/1UK9.cif,https://files.rcsb.org/download/1UK9.cif,A,272,1
1GC9,cached_selected,data/raw/pdb_cache/1GC9.cif,https://files.rcsb.org/download/1GC9.cif,A,345,1
1OOH,cached_selected,data/raw/pdb_cache/1OOH.cif,https://files.rcsb.org/download/1OOH.cif,A,126,1
1CVB,cached_selected,data/raw/pdb_cache/1CVB.cif,https://files.rcsb.org/download/1CVB.cif,A,255,1
1BJK,cached_selected,data/raw/pdb_cache/1BJK.cif,https://files.rcsb.org/download/1BJK.cif,A,295,1
1GCU,cached_selected,data/raw/pdb_cache/1GCU.cif,https://files.rcsb.org/download/1GCU.cif,A,292,1
1RRI,cached_selected,data/raw/pdb_cache/1RRI.cif,https://files.rcsb.org/download/1RRI.cif,A,121,1
1PEK,cached_selected,data/raw/pdb_cache/1PEK.cif,https://files.rcsb.org/download/1PEK.cif,E,279,1
1R6L,cached_selected,data/raw/pdb_cache/1R6L.cif,https://files.rcsb.org/download/1R6L.cif,A,236,1
1FPR,cached_selected,data/raw/pdb_cache/1FPR.cif,https://files.rcsb.org/download/1FPR.cif,A,284,1
2BZ1,cached_selected,data/raw/pdb_cache/2BZ1.cif,https://files.rcsb.org/download/2BZ1.cif,A,173,1
1ION,cached_selected,data/raw/pdb_cache/1ION.cif,https://files.rcsb.org/download/1ION.cif,A,243,1
1HPC,cached_selected,data/raw/pdb_cache/1HPC.cif,https://files.rcsb.org/download/1HPC.cif,A,131,1
1A95,cached_selected,data/raw/pdb_cache/1A95.cif,https://files.rcsb.org/download/1A95.cif,B,150,1
1LBF,cached_selected,data/raw/pdb_cache/1LBF.cif,https://files.rcsb.org/download/1LBF.cif,A,247,1
1XN0,cached_selected,data/raw/pdb_cache/1XN0.cif,https://files.rcsb.org/download/1XN0.cif,A,323,1
1ICU,cached_selected,data/raw/pdb_cache/1ICU.cif,https://files.rcsb.org/download/1ICU.cif,B,217,1
1EKJ,cached_selected,data/raw/pdb_cache/1EKJ.cif,https://files.rcsb.org/download/1EKJ.cif,G,220,1
1HMR,cached_selected,data/raw/pdb_cache/1HMR.cif,https://files.rcsb.org/download/1HMR.cif,A,132,1
1GRN,cached_selected,data/raw/pdb_cache/1GRN.cif,https://files.rcsb.org/download/1GRN.cif,B,197,1
1GVE,cached_selected,data/raw/pdb_cache/1GVE.cif,https://files.rcsb.org/download/1GVE.cif,A,324,1
2BKV,cached_selected,data/raw/pdb_cache/2BKV.cif,https://files.rcsb.org/download/2BKV.cif,B,242,1
1L83,cached_selected,data/raw/pdb_cache/1L83.cif,https://files.rcsb.org/download/1L83.cif,A,162,1
1L7A,cached_selected,data/raw/pdb_cache/1L7A.cif,https://files.rcsb.org/download/1L7A.cif,A,318,1
1YJG,cached_selected,data/raw/pdb_cache/1YJG.cif,https://files.rcsb.org/download/1YJG.cif,A,157,1
1UIS,cached_selected,data/raw/pdb_cache/1UIS.cif,https://files.rcsb.org/download/1UIS.cif,A,225,1
1TWW,cached_selected,data/raw/pdb_cache/1TWW.cif,https://files.rcsb.org/download/1TWW.cif,A,266,1
2AU6,cached_selected,data/raw/pdb_cache/2AU6.cif,https://files.rcsb.org/download/2AU6.cif,A,175,1
1UXS,cached_selected,data/raw/pdb_cache/1UXS.cif,https://files.rcsb.org/download/1UXS.cif,A,276,1
1Z29,cached_selected,data/raw/pdb_cache/1Z29.cif,https://files.rcsb.org/download/1Z29.cif,A,282,1
1ZJ4,cached_selected,data/raw/pdb_cache/1ZJ4.cif,https://files.rcsb.org/download/1ZJ4.cif,A,233,1
1LVF,cached_selected,data/raw/pdb_cache/1LVF.cif,https://files.rcsb.org/download/1LVF.cif,A,106,1
1B1I,cached_selected,data/raw/pdb_cache/1B1I.cif,https://files.rcsb.org/download/1B1I.cif,A,123,1
1RA2,cached_selected,data/raw/pdb_cache/1RA2.cif,https://files.rcsb.org/download/1RA2.cif,A,160,1
1UNR,cached_selected,data/raw/pdb_cache/1UNR.cif,https://files.rcsb.org/download/1UNR.cif,A,113,1
1PD5,cached_selected,data/raw/pdb_cache/1PD5.cif,https://files.rcsb.org/download/1PD5.cif,B,216,1
1L1N,cached_selected,data/raw/pdb_cache/1L1N.cif,https://files.rcsb.org/download/1L1N.cif,A,180,1
1AKZ,cached_selected,data/raw/pdb_cache/1AKZ.cif,https://files.rcsb.org/download/1AKZ.cif,A,223,1
1TAD,cached_selected,data/raw/pdb_cache/1TAD.cif,https://files.rcsb.org/download/1TAD.cif,C,319,1
1O7Z,cached_selected,data/raw/pdb_cache/1O7Z.cif,https://files.rcsb.org/download/1O7Z.cif,A,60,1
2ANY,cached_selected,data/raw/pdb_cache/2ANY.cif,https://files.rcsb.org/download/2ANY.cif,A,238,1
2AE6,cached_selected,data/raw/pdb_cache/2AE6.cif,https://files.rcsb.org/download/2AE6.cif,A,148,1
1W40,cached_selected,data/raw/pdb_cache/1W40.cif,https://files.rcsb.org/download/1W40.cif,A,98,1
1X89,cached_selected,data/raw/pdb_cache/1X89.cif,https://files.rcsb.org/download/1X89.cif,A,174,1
1WN9,cached_selected,data/raw/pdb_cache/1WN9.cif,https://files.rcsb.org/download/1WN9.cif,A,127,1
1U41,cached_selected,data/raw/pdb_cache/1U41.cif,https://files.rcsb.org/download/1U41.cif,A,103,1
1Q33,cached_selected,data/raw/pdb_cache/1Q33.cif,https://files.rcsb.org/download/1Q33.cif,A,292,1
1JT5,cached_selected,data/raw/pdb_cache/1JT5.cif,https://files.rcsb.org/download/1JT5.cif,A,142,1
2BE6,cached_selected,data/raw/pdb_cache/2BE6.cif,https://files.rcsb.org/download/2BE6.cif,A,145,1
1KC2,cached_selected,data/raw/pdb_cache/1KC2.cif,https://files.rcsb.org/download/1KC2.cif,A,96,1
1O0R,cached_selected,data/raw/pdb_cache/1O0R.cif,https://files.rcsb.org/download/1O0R.cif,B,273,1
1OJ4,cached_selected,data/raw/pdb_cache/1OJ4.cif,https://files.rcsb.org/download/1OJ4.cif,A,283,1
1Z6O,cached_selected,data/raw/pdb_cache/1Z6O.cif,https://files.rcsb.org/download/1Z6O.cif,A,214,1
2AXP,cached_selected,data/raw/pdb_cache/2AXP.cif,https://files.rcsb.org/download/2AXP.cif,A,172,1
1Z0B,cached_selected,data/raw/pdb_cache/1Z0B.cif,https://files.rcsb.org/download/1Z0B.cif,A,205,1
1ZAR,cached_selected,data/raw/pdb_cache/1ZAR.cif,https://files.rcsb.org/download/1ZAR.cif,A,267,1
1ZNN,cached_selected,data/raw/pdb_cache/1ZNN.cif,https://files.rcsb.org/download/1ZNN.cif,A,245,1
1S2T,cached_selected,data/raw/pdb_cache/1S2T.cif,https://files.rcsb.org/download/1S2T.cif,A,291,1
1A9T,cached_selected,data/raw/pdb_cache/1A9T.cif,https://files.rcsb.org/download/1A9T.cif,A,284,1
2ANW,cached_selected,data/raw/pdb_cache/2ANW.cif,https://files.rcsb.org/download/2ANW.cif,A,238,1
1D7O,cached_selected,data/raw/pdb_cache/1D7O.cif,https://files.rcsb.org/download/1D7O.cif,A,297,1
1BSM,cached_selected,data/raw/pdb_cache/1BSM.cif,https://files.rcsb.org/download/1BSM.cif,A,201,1
1R3F,cached_selected,data/raw/pdb_cache/1R3F.cif,https://files.rcsb.org/download/1R3F.cif,A,278,1
1TND,cached_selected,data/raw/pdb_cache/1TND.cif,https://files.rcsb.org/download/1TND.cif,A,323,1
1QUD,cached_selected,data/raw/pdb_cache/1QUD.cif,https://files.rcsb.org/download/1QUD.cif,A,162,1
1R78,cached_selected,data/raw/pdb_cache/1R78.cif,https://files.rcsb.org/download/1R78.cif,A,273,1
1DBT,cached_selected,data/raw/pdb_cache/1DBT.cif,https://files.rcsb.org/download/1DBT.cif,A,237,1
1FLV,cached_selected,data/raw/pdb_cache/1FLV.cif,https://files.rcsb.org/download/1FLV.cif,A,168,1
1LPK,cached_selected,data/raw/pdb_cache/1LPK.cif,https://files.rcsb.org/download/1LPK.cif,B,235,1
2BRO,cached_selected,data/raw/pdb_cache/2BRO.cif,https://files.rcsb.org/download/2BRO.cif,A,272,1
1EKE,cached_selected,data/raw/pdb_cache/1EKE.cif,https://files.rcsb.org/download/1EKE.cif,B,225,1
2BL0,cached_selected,data/raw/pdb_cache/2BL0.cif,https://files.rcsb.org/download/2BL0.cif,B,146,1
1UP2,cached_selected,data/raw/pdb_cache/1UP2.cif,https://files.rcsb.org/download/1UP2.cif,A,293,1
2AUU,cached_selected,data/raw/pdb_cache/2AUU.cif,https://files.rcsb.org/download/2AUU.cif,A,175,1
1RDQ,cached_selected,data/raw/pdb_cache/1RDQ.cif,https://files.rcsb.org/download/1RDQ.cif,E,342,1
1DGM,cached_selected,data/raw/pdb_cache/1DGM.cif,https://files.rcsb.org/download/1DGM.cif,A,346,1
1RWR,cached_selected,data/raw/pdb_cache/1RWR.cif,https://files.rcsb.org/download/1RWR.cif,A,297,1
1T01,cached_selected,data/raw/pdb_cache/1T01.cif,https://files.rcsb.org/download/1T01.cif,A,255,1
1AMX,cached_selected,data/raw/pdb_cache/1AMX.cif,https://files.rcsb.org/download/1AMX.cif,A,150,1
1WD7,cached_selected,data/raw/pdb_cache/1WD7.cif,https://files.rcsb.org/download/1WD7.cif,B,255,1
1O5R,cached_selected,data/raw/pdb_cache/1O5R.cif,https://files.rcsb.org/download/1O5R.cif,A,349,1
1U1D,cached_selected,data/raw/pdb_cache/1U1D.cif,https://files.rcsb.org/download/1U1D.cif,A,253,1
1MQW,cached_selected,data/raw/pdb_cache/1MQW.cif,https://files.rcsb.org/download/1MQW.cif,A,200,1
1Y1Z,cached_selected,data/raw/pdb_cache/1Y1Z.cif,https://files.rcsb.org/download/1Y1Z.cif,A,283,1
1D5X,cached_selected,data/raw/pdb_cache/1D5X.cif,https://files.rcsb.org/download/1D5X.cif,C,223,1
1YN7,cached_selected,data/raw/pdb_cache/1YN7.cif,https://files.rcsb.org/download/1YN7.cif,A,273,1
1POI,cached_selected,data/raw/pdb_cache/1POI.cif,https://files.rcsb.org/download/1POI.cif,A,317,1
1FT6,cached_selected,data/raw/pdb_cache/1FT6.cif,https://files.rcsb.org/download/1FT6.cif,A,208,1
1M9F,cached_selected,data/raw/pdb_cache/1M9F.cif,https://files.rcsb.org/download/1M9F.cif,A,165,1
1XCR,cached_selected,data/raw/pdb_cache/1XCR.cif,https://files.rcsb.org/download/1XCR.cif,A,313,1
1SAC,cached_selected,data/raw/pdb_cache/1SAC.cif,https://files.rcsb.org/download/1SAC.cif,A,206,1
1V1T,cached_selected,data/raw/pdb_cache/1V1T.cif,https://files.rcsb.org/download/1V1T.cif,A,164,1
1ESJ,cached_selected,data/raw/pdb_cache/1ESJ.cif,https://files.rcsb.org/download/1ESJ.cif,A,284,1
1S7W,cached_selected,data/raw/pdb_cache/1S7W.cif,https://files.rcsb.org/download/1S7W.cif,A,276,1
