i,chain,resseq,icode,pLDDT
0,A,1,,75.56
1,A,2,,83.62
2,A,3,,81.06
3,A,4,,81.38
4,A,5,,84.12
5,A,6,,81.5
6,A,7,,84.81
7,A,8,,86.88
8,A,9,,85.25
9,A,10,,83.56
10,A,11,,83.62
11,A,12,,86.75
12,A,13,,84.62
13,A,14,,86.75
14,A,15,,88.88
15,A,16,,90.31
16,A,17,,88.44
17,A,18,,87.44
18,A,19,,88.81
19,A,20,,89.38
20,A,21,,92.12
21,A,22,,90.12
22,A,23,,90.38
23,A,24,,91.19
24,A,25,,89.75
25,A,26,,92.62
26,A,27,,91.81
27,A,28,,91.25
28,A,29,,91.31
29,A,30,,91.31
30,A,31,,92.88
31,A,32,,94.12
32,A,33,,91.69
33,A,34,,92.94
34,A,35,,91.69
35,A,36,,93.44
36,A,37,,94.0
37,A,38,,94.56
38,A,39,,93.75
39,A,40,,93.31
40,A,41,,93.56
41,A,42,,92.81
42,A,43,,92.69
43,A,44,,90.31
44,A,45,,90.25
45,A,46,,87.0
46,A,47,,89.81
47,A,48,,92.38
48,A,49,,90.69
49,A,50,,89.75
50,A,51,,90.0
51,A,52,,91.19
52,A,53,,89.62
53,A,54,,89.31
54,A,55,,89.75
55,A,56,,86.94
56,A,57,,89.19
57,A,58,,91.75
58,A,59,,89.19
59,A,60,,88.31
60,A,61,,85.12
61,A,62,,84.31
62,A,63,,87.44
63,A,64,,87.25
64,A,65,,87.62
65,A,66,,88.81
66,A,67,,88.0
67,A,68,,89.81
68,A,69,,89.56
69,A,70,,93.75
70,A,71,,91.25
71,A,72,,90.5
72,A,73,,90.81
73,A,74,,94.06
74,A,75,,91.69
75,A,76,,91.25
76,A,77,,92.31
77,A,78,,91.06
78,A,79,,91.06
79,A,80,,91.44
80,A,81,,87.75
81,A,82,,87.56
82,A,83,,82.25
83,A,84,,81.88
84,A,85,,78.12
85,A,86,,75.56
86,A,87,,80.12
87,A,88,,76.0
88,A,89,,66.94
89,A,90,,65.62
90,A,91,,69.75
91,A,92,,66.62
92,A,93,,56.94
93,A,94,,54.72
94,A,95,,55.16
95,A,96,,54.47
96,A,97,,52.72
97,A,98,,46.59
98,A,99,,46.12
99,A,100,,43.84
100,A,101,,41.69
101,A,102,,41.47
102,A,103,,43.69
103,A,104,,42.69
104,A,105,,45.84
105,A,106,,39.53
106,A,107,,45.84
107,A,108,,45.5
108,A,109,,44.97
109,A,110,,42.91
110,A,111,,44.94
111,A,112,,46.25
112,A,113,,48.31
113,A,114,,46.28
114,A,115,,51.34
115,A,116,,49.12
116,A,117,,53.75
117,A,118,,55.66
118,A,119,,54.78
119,A,120,,59.81
120,A,121,,56.38
121,A,122,,55.28
122,A,123,,52.19
123,A,124,,51.19
124,A,125,,55.78
125,A,126,,52.91
126,A,127,,50.12
127,A,128,,55.44
128,A,129,,52.88
129,A,130,,53.84
130,A,131,,52.06
131,A,132,,50.59
132,A,133,,50.38
133,A,134,,50.41
134,A,135,,56.62
135,A,136,,58.06
136,A,137,,63.5
137,A,138,,64.75
138,A,139,,62.5
139,A,140,,59.16
