t,score,contact_f1,dist_rmse,auric_penalty,ph_rms,ph_max,tp,fp,fn,seed,codec,beam,K,cutoff,min_sep,auric_m,auric_every,w_contact,w_rmse,wA,wB
1,0.0,0.0,0.0,0.0,3.2482080257546335,3.2482080257546335,0,0,0,0,pair72,128,64,8.0,3,8,10,0.3,1.0,0.2,0.2
2,0.0,0.0,0.0,0.0,3.600114013356122,4.533014187714099,0,0,0,0,pair72,128,64,8.0,3,8,10,0.3,1.0,0.2,0.2
3,0.0,0.0,0.0,0.0,3.8685605574086717,4.71765010866028,0,0,0,0,pair72,128,64,8.0,3,8,10,0.3,1.0,0.2,0.2
4,-0.7845631644186906,0.0,0.7845631644186906,0.0,5.314289135194968,8.066984661788023,0,0,0,0,pair72,128,64,8.0,3,8,10,0.3,1.0,0.2,0.2
5,-0.49598505572296303,0.0,0.49598505572296303,0.0,6.486902824833468,9.62942991090067,0,0,0,0,pair72,128,64,8.0,3,8,10,0.3,1.0,0.2,0.2
6,-0.4171213058576877,0.0,0.4171213058576877,0.0,6.380124766068067,8.783208821133378,0,0,0,0,pair72,128,64,8.0,3,8,10,0.3,1.0,0.2,0.2
7,-0.34188846536115625,0.0,0.34188846536115625,0.0,6.47292697161115,8.826518415691023,0,0,0,0,pair72,128,64,8.0,3,8,10,0.3,1.0,0.2,0.2
8,-0.22318996848577083,1.0,0.5231899684857708,0.0,5.3914176749791904,9.203829147202342,2,0,0,0,pair72,128,64,8.0,3,8,10,0.3,1.0,0.2,0.2
9,-0.19708066607791147,1.0,0.49708066607791146,0.0,8.58354651133945,13.527524755027708,5,0,0,0,pair72,128,64,8.0,3,8,10,0.3,1.0,0.2,0.2
10,-0.25960897928597815,1.0,0.6202039261538591,-0.060594946867880965,6.64030767934571,10.793270401365456,6,0,0,0,pair72,128,64,8.0,3,8,10,0.3,1.0,0.2,0.2
11,-0.5737309297502998,1.0,0.6343258766181807,0.23940505313211907,8.200265401877221,13.8214498975902,7,0,0,0,pair72,128,64,8.0,3,8,10,0.3,1.0,0.2,0.2
12,-0.5627462353019048,0.9411764705882353,0.6718566709529413,0.17324250552543408,5.241203920252163,8.814462023781305,8,1,0,0,pair72,128,64,8.0,3,8,10,0.3,1.0,0.2,0.2
13,-0.5519608547140639,0.9473684210526316,0.6629288755044193,0.17324250552543408,6.298513262210555,10.986935966769446,9,1,0,0,pair72,128,64,8.0,3,8,10,0.3,1.0,0.2,0.2
14,-0.5283619151447274,0.9523809523809523,0.640833695333579,0.17324250552543408,6.629101615114804,10.545010459962084,10,1,0,0,pair72,128,64,8.0,3,8,10,0.3,1.0,0.2,0.2
15,-0.5229334244912669,0.9565217391304348,0.6366474407049633,0.17324250552543408,6.708690120444316,10.981088299335825,11,1,0,0,pair72,128,64,8.0,3,8,10,0.3,1.0,0.2,0.2
16,-0.5282411486699234,0.9600000000000001,0.6429986431444894,0.17324250552543408,7.131675989887153,11.687000790144578,12,1,0,0,pair72,128,64,8.0,3,8,10,0.3,1.0,0.2,0.2
17,-0.5216053025882752,0.962962962962963,0.63725168595173,0.17324250552543408,5.079265460997978,9.488235740473836,13,1,0,0,pair72,128,64,8.0,3,8,10,0.3,1.0,0.2,0.2
18,-0.5260008220401723,0.9285714285714286,0.6313297450861668,0.17324250552543408,5.2707600057003745,10.318316500281544,13,2,0,0,pair72,128,64,8.0,3,8,10,0.3,1.0,0.2,0.2
19,-0.5265699448735259,0.9333333333333333,0.6333274393480918,0.17324250552543408,5.2634090502441575,10.561156681669049,14,2,0,0,pair72,128,64,8.0,3,8,10,0.3,1.0,0.2,0.2
20,-0.9178727223567217,0.9696969696969697,0.6792727982513753,0.5295090150144373,10.56718895982056,19.33620238239777,16,1,0,0,pair72,128,64,8.0,3,8,10,0.3,1.0,0.2,0.2
21,-0.9576796107084831,0.9714285714285714,0.7195991671226173,0.5295090150144373,10.853030549890963,18.618215225425427,17,1,0,0,pair72,128,64,8.0,3,8,10,0.3,1.0,0.2,0.2
22,-0.9934457119806004,0.972972972972973,0.755828588858055,0.5295090150144373,10.992054293376409,18.133250548495297,18,1,0,0,pair72,128,64,8.0,3,8,10,0.3,1.0,0.2,0.2
23,-1.0523706260979961,0.972972972972973,0.8147535029754508,0.5295090150144373,11.635611243755232,18.113190272921823,18,1,0,0,pair72,128,64,8.0,3,8,10,0.3,1.0,0.2,0.2
24,-1.1083874194040924,0.9500000000000001,0.8638784043896551,0.5295090150144373,12.881125010623467,26.190080827496292,19,2,0,0,pair72,128,64,8.0,3,8,10,0.3,1.0,0.2,0.2
25,-1.1596861225477844,0.9199999999999999,0.906177107533347,0.5295090150144373,13.866228515824766,28.605323033705236,23,3,1,0,pair72,128,64,8.0,3,8,10,0.3,1.0,0.2,0.2
26,-1.196137699426063,0.888888888888889,0.9332953510782924,0.5295090150144373,14.74098667632019,28.909952708444173,24,4,2,0,pair72,128,64,8.0,3,8,10,0.3,1.0,0.2,0.2
27,-1.2512770374687328,0.8928571428571429,0.9896251653114384,0.5295090150144373,15.575269209687383,29.873546940057956,25,4,2,0,pair72,128,64,8.0,3,8,10,0.3,1.0,0.2,0.2
28,-1.300158491556648,0.8620689655172413,1.029270166197383,0.5295090150144373,15.628697270082956,27.161755821359503,25,4,4,0,pair72,128,64,8.0,3,8,10,0.3,1.0,0.2,0.2
29,-1.3330717713312132,0.8333333333333333,1.053562756316776,0.5295090150144373,16.70308986109348,28.909759429440737,30,8,4,0,pair72,128,64,8.0,3,8,10,0.3,1.0,0.2,0.2
30,-1.3476630361870332,0.7894736842105263,1.0692294447637591,0.5152756966864318,13.797235657670486,22.110100652708958,30,8,8,0,pair72,128,64,8.0,3,8,10,0.3,1.0,0.2,0.2
31,-1.3340483350032173,0.8125,1.0617963790639364,0.5160019559392808,12.674823218170621,17.039654314696072,39,9,9,0,pair72,128,64,8.0,3,8,10,0.3,1.0,0.2,0.2
32,-1.3262822728392272,0.8224299065420562,1.0570092888625633,0.5160019559392808,12.549654823460688,16.84271668792249,44,9,10,0,pair72,128,64,8.0,3,8,10,0.3,1.0,0.2,0.2
33,-1.3065334811582672,0.8235294117647058,1.0375903487483982,0.5160019559392808,14.703028318998605,20.934586815767275,49,10,11,0,pair72,128,64,8.0,3,8,10,0.3,1.0,0.2,0.2
34,-1.288094920571878,0.832,1.0216929646325972,0.5160019559392808,15.058889789060668,23.87677899785733,52,10,11,0,pair72,128,64,8.0,3,8,10,0.3,1.0,0.2,0.2
35,-1.2735587946205444,0.8346456692913385,1.0079505394686652,0.5160019559392808,15.396018980130055,24.079542085181885,53,10,11,0,pair72,128,64,8.0,3,8,10,0.3,1.0,0.2,0.2
36,-1.2684547742456997,0.8372093023255814,1.0036156090040935,0.5160019559392808,15.599800177365418,23.490949669666243,54,10,11,0,pair72,128,64,8.0,3,8,10,0.3,1.0,0.2,0.2
37,-1.2596519868974514,0.8396946564885497,0.9955584279047356,0.5160019559392808,15.876769754598646,23.65412549605604,55,10,11,0,pair72,128,64,8.0,3,8,10,0.3,1.0,0.2,0.2
38,-1.2518061730724346,0.8333333333333334,0.9858042171331538,0.5160019559392808,16.17345246052781,24.63616875018644,55,11,11,0,pair72,128,64,8.0,3,8,10,0.3,1.0,0.2,0.2
39,-1.2376971107995312,0.8285714285714286,0.970266583431679,0.5160019559392808,16.451077666203417,24.663319605322396,58,13,11,0,pair72,128,64,8.0,3,8,10,0.3,1.0,0.2,0.2
40,-1.0888057279579613,0.8142857142857143,0.9524443348517173,0.3806471073919582,11.913840613338973,18.11450400135193,57,13,13,0,pair72,128,64,8.0,3,8,10,0.3,1.0,0.2,0.2
41,-1.0729265115477462,0.8142857142857143,0.9365651184415024,0.3806471073919582,12.067929485272789,18.443442719979664,57,13,13,0,pair72,128,64,8.0,3,8,10,0.3,1.0,0.2,0.2
42,-1.0585214999392023,0.8169014084507042,0.9229448150824553,0.3806471073919582,12.293042905281155,19.302209702796574,58,13,13,0,pair72,128,64,8.0,3,8,10,0.3,1.0,0.2,0.2
43,-1.0447356285762388,0.8235294117647058,0.9111473447136925,0.3806471073919582,12.14988598729652,18.940323905282565,63,13,14,0,pair72,128,64,8.0,3,8,10,0.3,1.0,0.2,0.2
44,-1.0355568215472788,0.8292682926829269,0.9036902019601986,0.3806471073919582,12.16429338101752,19.02190622780113,68,13,15,0,pair72,128,64,8.0,3,8,10,0.3,1.0,0.2,0.2
45,-1.0263138232650222,0.8361581920903954,0.8965141735001827,0.3806471073919582,12.207160028306358,19.203013209760776,74,14,15,0,pair72,128,64,8.0,3,8,10,0.3,1.0,0.2,0.2
